ID_START,CONSUMPTION_SEGMENT_CODE,CONSUMPTION_SEGMENT_NAME,Category1,Category2,COICOP5,COICOP4,COICOP3,COICOP2,WEIGHT\SIZE,AVERAGE_PRICE
200302,520130,Solid gold ring,Clothing and footwear,Accessories,Jewellery,"Jewellery, clocks and watches",Personal effects (nec),Miscellaneous goods and services,9ct,350.204
200402,520131,Men's analogue  watch,Clothing and footwear,Accessories,Clocks and watches,"Jewellery, clocks and watches",Personal effects (nec),Miscellaneous goods and services,one,220.259
200802,520137,Sterling silver earrings,Clothing and footwear,Accessories,Jewellery,"Jewellery, clocks and watches",Personal effects (nec),Miscellaneous goods and services,1 pair,24.969
201402,520140,Fashion necklace,Clothing and footwear,Accessories,Jewellery,"Jewellery, clocks and watches",Personal effects (nec),Miscellaneous goods and services,one,14.978
202302,510439,Men's belt,Clothing and footwear,Accessories,Other articles of clothing,Other clothing and clothing accessories,Clothing,Clothing and footwear,one,19.862
201902,510434,Adult hat/cap,Clothing and footwear,Accessories,Other articles of clothing,Other clothing and clothing accessories,Clothing,Clothing and footwear,one,16.316
198902,520109,Ladies' handbag/shoulder bag,Clothing and footwear,Accessories,Travel goods,Other personal effects,Personal effects (nec),Miscellaneous goods and services,one,49.955
199702,510429,Knitting wool,Clothing and footwear,Accessories,Clothing accessories,Other clothing and clothing accessories,Clothing,Clothing and footwear,100g,2.304
201102,510432,Lady's scarf,Clothing and footwear,Accessories,Other articles of clothing,Other clothing and clothing accessories,Clothing,Clothing and footwear,one,14.237
200202,510324,School trousers (5-13 yrs.),Clothing and footwear,Children's clothing,Garments for inf (0 to 2 yrs.) & child (3 to 13 yrs.),Garments,Clothing,Clothing and footwear,,10.69
200202,510328,Boy's jeans (5-13 yrs.),Clothing and footwear,Children's clothing,Garments for inf (0 to 2 yrs.) & child (3 to 13 yrs.),Garments,Clothing,Clothing and footwear,,13.161
200202,510330,Baby grow or sleepsuit (0-2 yrs.),Clothing and footwear,Children's clothing,Garments for inf (0 to 2 yrs.) & child (3 to 13 yrs.),Garments,Clothing,Clothing and footwear,,7.953
200202,510336,Girl's skirt for school (5-13 yrs.),Clothing and footwear,Children's clothing,Garments for inf (0 to 2 yrs.) & child (3 to 13 yrs.),Garments,Clothing,Clothing and footwear,,8.879
200402,510340,Girl's fashion top (12-13 yrs.),Clothing and footwear,Children's clothing,Garments for inf (0 to 2 yrs.) & child (3 to 13 yrs.),Garments,Clothing,Clothing and footwear,,8.806
200602,510344,Girl's trousers non-denim (5-13 yrs.),Clothing and footwear,Children's clothing,Garments for inf (0 to 2 yrs.) & child (3 to 13 yrs.),Garments,Clothing,Clothing and footwear,,
201102,510347,Girl's jacket (5-13 yrs.),Clothing and footwear,Children's clothing,Garments for inf (0 to 2 yrs.) & child (3 to 13 yrs.),Garments,Clothing,Clothing and footwear,,24.059
201602,510348,Boy's t-shirt (3-13 yrs.),Clothing and footwear,Children's clothing,Garments for inf (0 to 2 yrs.) & child (3 to 13 yrs.),Garments,Clothing,Clothing and footwear,,9.771
201802,510349,Girl's leggings (5-13 yrs.),Clothing and footwear,Children's clothing,Garments for inf (0 to 2 yrs.) & child (3 to 13 yrs.),Garments,Clothing,Clothing and footwear,,6.704
202102,510350,Boy's jumper/sweatshirt/cardigan,Clothing and footwear,Children's clothing,Garments for inf (0 to 2 yrs.) & child (3 to 13 yrs.),Garments,Clothing,Clothing and footwear,,13.384
202102,510351,Infant's trousers (0-2 yrs.),Clothing and footwear,Children's clothing,Garments for inf (0 to 2 yrs.) & child (3 to 13 yrs.),Garments,Clothing,Clothing and footwear,,8.618
202102,510352,Infant's jumper/sweatshirt/cardigan,Clothing and footwear,Children's clothing,Garments for inf (0 to 2 yrs.) & child (3 to 13 yrs.),Garments,Clothing,Clothing and footwear,,9.036
202202,510436,Child's pyjamas (3-13 yrs.),Clothing and footwear,Children's clothing,Garments for inf (0 to 2 yrs.) & child (3 to 13 yrs.),Garments,Clothing,Clothing and footwear,,10.419
202202,510437,Child's pants (3-13 yrs.),Clothing and footwear,Children's clothing,Garments for inf (0 to 2 yrs.) & child (3 to 13 yrs.),Garments,Clothing,Clothing and footwear,1 pair,1.159
202202,510438,Child's socks,Clothing and footwear,Children's clothing,Garments for inf (0 to 2 yrs.) & child (3 to 13 yrs.),Garments,Clothing,Clothing and footwear,1 pair,1.001
202302,510353,Infant's dress (0-2 yrs.),Clothing and footwear,Children's clothing,Garments for inf (0 to 2 yrs.) & child (3 to 13 yrs.),Garments,Clothing,Clothing and footwear, ,12.339
200302,510528,Child's sports trainers,Clothing and footwear,Children's footwear,Footwear for infants and children,Footwear including repairs,Footwear including repairs,Clothing and footwear,,34.186
198702,510104,Men's jacket/coat,Clothing and footwear,Men's clothing,Garments for men,Garments,Clothing,Clothing and footwear,,75.267
198702,510106,Men's jeans,Clothing and footwear,Men's clothing,Garments for men,Garments,Clothing,Clothing and footwear,,48.362
198702,510108,Men's knitted jumper,Clothing and footwear,Men's clothing,Garments for men,Garments,Clothing,Clothing and footwear,,36.2
198702,510109,Men's formal long sleeve shirt,Clothing and footwear,Men's clothing,Garments for men,Garments,Clothing,Clothing and footwear,,29.756
199302,510113,Men's casual short sleeve top,Clothing and footwear,Men's clothing,Garments for men,Garments,Clothing,Clothing and footwear,,30.373
199702,510117,Men's formal trousers,Clothing and footwear,Men's clothing,Garments for men,Garments,Clothing,Clothing and footwear,,42.28
199702,510118,Men's casual trousers,Clothing and footwear,Men's clothing,Garments for men,Garments,Clothing,Clothing and footwear,,41.383
199702,510120,Men's jumper or sweatshirt,Clothing and footwear,Men's clothing,Garments for men,Garments,Clothing,Clothing and footwear,,36.501
200402,510128,Men's branded sports sweatshirt,Clothing and footwear,Men's clothing,Garments for men,Garments,Clothing,Clothing and footwear,,43.051
200602,510130,Men's coat,Clothing and footwear,Men's clothing,Garments for men,Garments,Clothing,Clothing and footwear,3/4 to full length,125.099
201102,510131,Men's casual shirt,Clothing and footwear,Men's clothing,Garments for men,Garments,Clothing,Clothing and footwear,,37.912
201302,510132,Men's short sleeved t-shirt,Clothing and footwear,Men's clothing,Garments for men,Garments,Clothing,Clothing and footwear,,13.884
202102,510133,Men's loungewear bottoms,Clothing and footwear,Men's clothing,Garments for men,Garments,Clothing,Clothing and footwear,,26.126
202202,510134,Men's formal jacket/blazer,Clothing and footwear,Men's clothing,Garments for men,Garments,Clothing,Clothing and footwear,,112.751
198702,510413,Men's socks,Clothing and footwear,Men's clothing,Garments for men,Garments,Clothing,Clothing and footwear,1 pair,3.681
198702,510419,Men's tie,Clothing and footwear,Men's clothing,Other articles of clothing,Other clothing and clothing accessories,Clothing,Clothing and footwear,,15.542
201702,510433,Men's base layer top,Clothing and footwear,Men's clothing,Garments for men,Garments,Clothing,Clothing and footwear,,26.308
198702,510501,Men's formal shoes,Clothing and footwear,Men's footwear,Footwear for men,Footwear including repairs,Footwear including repairs,Clothing and footwear,,62.193
199702,510515,Men's casual shoes,Clothing and footwear,Men's footwear,Footwear for men,Footwear including repairs,Footwear including repairs,Clothing and footwear,,54.621
199702,510516,Men's training shoes,Clothing and footwear,Men's footwear,Footwear for men,Footwear including repairs,Footwear including repairs,Clothing and footwear,,55.436
201402,510535,Men's canvas fashion shoe/trainer,Clothing and footwear,Men's footwear,Footwear for men,Footwear including repairs,Footwear including repairs,Clothing and footwear,,26.585
201202,510534,Men's walking/hiking boot,Clothing and footwear,Men's footwear,Footwear for men,Footwear including repairs,Footwear including repairs,Clothing and footwear,,106.024
198702,510206,Women's blouse/shirt,Clothing and footwear,Women's clothing,Garments for women,Garments,Clothing,Clothing and footwear,,25.341
198702,510208,Women's formal jacket,Clothing and footwear,Women's clothing,Garments for women,Garments,Clothing,Clothing and footwear,,44.91
198702,510212,Women's jumper,Clothing and footwear,Women's clothing,Garments for women,Garments,Clothing,Clothing and footwear,,27.729
198702,510215,Women's basic plain t-shirt,Clothing and footwear,Women's clothing,Garments for women,Garments,Clothing,Clothing and footwear,,11.249
199702,510219,Women's casual outer jacket,Clothing and footwear,Women's clothing,Garments for women,Garments,Clothing,Clothing and footwear,,53.796
199702,510223,Women's long sleeve top,Clothing and footwear,Women's clothing,Garments for women,Garments,Clothing,Clothing and footwear,,18.926
199902,510233,Women's cardigan,Clothing and footwear,Women's clothing,Garments for women,Garments,Clothing,Clothing and footwear,,26.718
200102,510235,Women's casual trousers,Clothing and footwear,Women's clothing,Garments for women,Garments,Clothing,Clothing and footwear,,28.391
200102,510236,Women's formal trousers,Clothing and footwear,Women's clothing,Garments for women,Garments,Clothing,Clothing and footwear,,31.503
200102,510237,Women's casual skirt,Clothing and footwear,Women's clothing,Garments for women,Garments,Clothing,Clothing and footwear,,24.608
200202,510245,Women's dress,Clothing and footwear,Women's clothing,Garments for women,Garments,Clothing,Clothing and footwear,,34.94
200402,510248,Women's non-branded jeans,Clothing and footwear,Women's clothing,Garments for women,Garments,Clothing,Clothing and footwear,,25.145
200602,510250,Women's coat,Clothing and footwear,Women's clothing,Garments for women,Garments,Clothing,Clothing and footwear,,64.266
201102,510257,Women's casual blouse/shirt,Clothing and footwear,Women's clothing,Garments for women,Garments,Clothing,Clothing and footwear,,28.472
201602,510258,Women's full length leggings,Clothing and footwear,Women's clothing,Garments for women,Garments,Clothing,Clothing and footwear,,13.122
201602,510259,Women's short-sleeve/sleeveless formal top,Clothing and footwear,Women's clothing,Garments for women,Garments,Clothing,Clothing and footwear,,20.226
198702,510405,Women's nightdress/pyjamas,Clothing and footwear,Women's clothing,Garments for women,Garments,Clothing,Clothing and footwear,,17.723
198702,510406,Women's pants,Clothing and footwear,Women's clothing,Garments for women,Garments,Clothing,Clothing and footwear,,5.106
198702,510407,Bra,Clothing and footwear,Women's clothing,Garments for women,Garments,Clothing,Clothing and footwear,cup size A-D range,13.753
198702,510506,Women's sandals,Clothing and footwear,Women's footwear,Footwear for women,Footwear including repairs,Footwear including repairs,Clothing and footwear,,
200402,510529,Women's boots,Clothing and footwear,Women's footwear,Footwear for women,Footwear including repairs,Footwear including repairs,Clothing and footwear,,57.214
200402,510530,Women's flat shoes,Clothing and footwear,Women's footwear,Footwear for women,Footwear including repairs,Footwear including repairs,Clothing and footwear,,41.192
198702,310102,Draught bitter,Food and drink establishments,Alcohol,Restaurants; cafes and dancing establishments,"Restaurants, cafes",Catering services,Restaurants and hotels,per pint,3.598
200302,310109,Draught lager (3.4-4.2%),Food and drink establishments,Alcohol,Restaurants; cafes and dancing establishments,"Restaurants, cafes",Catering services,Restaurants and hotels,per pint,4.066
200302,310110,Draught premium lager (4.3-7.5%),Food and drink establishments,Alcohol,Restaurants; cafes and dancing establishments,"Restaurants, cafes",Catering services,Restaurants and hotels,per pint,4.721
200402,310111,Bottled premium lager (4.3-7.5%),Food and drink establishments,Alcohol,Restaurants; cafes and dancing establishments,"Restaurants, cafes",Catering services,Restaurants and hotels,one bottle,4.014
201702,310114,Cider (4.5-5.5%),Food and drink establishments,Alcohol,Restaurants; cafes and dancing establishments,"Restaurants, cafes",Catering services,Restaurants and hotels,per pint,4.29
198702,310301,Whiskey,Food and drink establishments,Alcohol,Restaurants; cafes and dancing establishments,"Restaurants, cafes",Catering services,Restaurants and hotels,30ml,3.545
198702,310302,Vodka,Food and drink establishments,Alcohol,Restaurants; cafes and dancing establishments,"Restaurants, cafes",Catering services,Restaurants and hotels,30ml,3.742
199702,310306,Bottle of mixer,Food and drink establishments,Alcohol,Restaurants; cafes and dancing establishments,"Restaurants, cafes",Catering services,Restaurants and hotels,125-200ml,1.677
199702,310307,Liqueur,Food and drink establishments,Alcohol,Restaurants; cafes and dancing establishments,"Restaurants, cafes",Catering services,Restaurants and hotels,30ml,3.412
200602,310315,Bottle of wine,Food and drink establishments,Alcohol,Restaurants; cafes and dancing establishments,"Restaurants, cafes",Catering services,Restaurants and hotels,75cl,20.94
202002,310316,Gin,Food and drink establishments,Alcohol,Restaurants; cafes and dancing establishments,"Restaurants, cafes",Catering services,Restaurants and hotels,30ml,3.51
198702,220301,Takeaway fish and chips,Food and drink establishments,Fast food and take aways,Fast food and take away food services,"Restaurants, cafes",Catering services,Restaurants and hotels,,8.823
198702,220303,Takeaway cold sandwich,Food and drink establishments,Fast food and take aways,Fast food and take away food services,"Restaurants, cafes",Catering services,Restaurants and hotels,,2.622
200002,220316,Takeaway or delivery pizza,Food and drink establishments,Fast food and take aways,Fast food and take away food services,"Restaurants, cafes",Catering services,Restaurants and hotels,,9.529
200202,220318,"Indian takeaway, main-course",Food and drink establishments,Fast food and take aways,Fast food and take away food services,"Restaurants, cafes",Catering services,Restaurants and hotels,,8.987
200202,220319,"Chinese takeaway, main-course",Food and drink establishments,Fast food and take aways,Fast food and take away food services,"Restaurants, cafes",Catering services,Restaurants and hotels,,6.709
200202,220320,Takeaway soft drink,Food and drink establishments,Fast food and take aways,Fast food and take away food services,"Restaurants, cafes",Catering services,Restaurants and hotels,,1.609
200302,220323,Takeaway kebab,Food and drink establishments,Fast food and take aways,Fast food and take away food services,"Restaurants, cafes",Catering services,Restaurants and hotels,,6.72
201202,220326,Takeaway chicken & chips,Food and drink establishments,Fast food and take aways,Fast food and take away food services,"Restaurants, cafes",Catering services,Restaurants and hotels,,6.048
201802,220327,Takeaway cooked pastry,Food and drink establishments,Fast food and take aways,Fast food and take away food services,"Restaurants, cafes",Catering services,Restaurants and hotels,,1.468
202002,220328,Takeaway or eat in burger,Food and drink establishments,Fast food and take aways,Fast food and take away food services,"Restaurants, cafes",Catering services,Restaurants and hotels,,4.267
199002,220107,Pub hot meal,Food and drink establishments,"Pubs, restaurants and cafes",Restaurants; cafes and dancing establishments,"Restaurants, cafes",Catering services,Restaurants and hotels,,10.722
200501,220116,Lemonade/Cola on tap,Food and drink establishments,"Pubs, restaurants and cafes",Restaurants; cafes and dancing establishments,"Restaurants, cafes",Catering services,Restaurants and hotels,,2.195
200501,220117,Bottled mineral water,Food and drink establishments,"Pubs, restaurants and cafes",Restaurants; cafes and dancing establishments,"Restaurants, cafes",Catering services,Restaurants and hotels,,2.062
200602,220120,In store cafeteria meal,Food and drink establishments,"Pubs, restaurants and cafes",Restaurants; cafes and dancing establishments,"Restaurants, cafes",Catering services,Restaurants and hotels,,8.763
200602,220121,Restaurant cup of coffee,Food and drink establishments,"Pubs, restaurants and cafes",Restaurants; cafes and dancing establishments,"Restaurants, cafes",Catering services,Restaurants and hotels,,2.866
200602,220122,Restaurant sweet course,Food and drink establishments,"Pubs, restaurants and cafes",Restaurants; cafes and dancing establishments,"Restaurants, cafes",Catering services,Restaurants and hotels,,6.363
200802,220124,Muffin/individual cake,Food and drink establishments,"Pubs, restaurants and cafes",Restaurants; cafes and dancing establishments,"Restaurants, cafes",Catering services,Restaurants and hotels,,2.496
200902,220125,Fruit juice,Food and drink establishments,"Pubs, restaurants and cafes",Restaurants; cafes and dancing establishments,"Restaurants, cafes",Catering services,Restaurants and hotels,250-350ml,2.601
201602,220128,Restaurant main course,Food and drink establishments,"Pubs, restaurants and cafes",Restaurants; cafes and dancing establishments,"Restaurants, cafes",Catering services,Restaurants and hotels,,14.206
198702,220310,Crisps (eating out),Food and drink establishments,"Pubs, restaurants and cafes",Restaurants; cafes and dancing establishments,"Restaurants, cafes",Catering services,Restaurants and hotels,per pack,1.11
200302,220209,Primary school meal (fixed charges),Food and drink establishments,Schools,Canteens,Canteens,Catering services,Restaurants and hotels,,2.385
200302,220210,Secondary school (cafeteria),Food and drink establishments,Schools,Canteens,Canteens,Catering services,Restaurants and hotels,,2.515
201102,520138,Spectacle frames with lens,Health,Glasses and contact lenses,Corrective eye-glasses and contact lenses,Other medical and therapeutic equipment,"Medical products, appliances and equipment",Health,,81.733
201302,520139,Daily disposable soft lenses,Health,Glasses and contact lenses,Corrective eye-glasses and contact lenses,Other medical and therapeutic equipment,"Medical products, appliances and equipment",Health,pack of 30 pairs,30.699
200102,520235,Sunscreen,Health,Personal health,Articles for personal hygiene and wellness,Appliances and products for personal care,Personal care,Miscellaneous goods and services,15 SPF,6.73
200602,520242,Cold/flu drink powder sachets,Health,Personal health,Pharmaceutical products,Pharmaceutical products,"Medical products, appliances and equipment",Health,pack of 10,5.009
201702,520251,Cough syrup,Health,Personal health,Pharmaceutical products,Pharmaceutical products,"Medical products, appliances and equipment",Health,150-200ml,5.498
198702,520213,Tissues,Health,Personal hygiene and wellness,Articles for personal hygiene and wellness,Appliances and products for personal care,Personal care,Miscellaneous goods and services,large box,1.569
198702,520216,Deodorant/anti perspirant,Health,Personal hygiene and wellness,Articles for personal hygiene and wellness,Appliances and products for personal care,Personal care,Miscellaneous goods and services,50-250ml,2.08
199302,520223,Mascara,Health,Personal hygiene and wellness,Articles for personal hygiene and wellness,Appliances and products for personal care,Personal care,Miscellaneous goods and services,,8.909
199602,520226,Shampoo,Health,Personal hygiene and wellness,Articles for personal hygiene and wellness,Appliances and products for personal care,Personal care,Miscellaneous goods and services,250-400ml,3.677
200202,520236,Women's permanent hair colourant,Health,Personal hygiene and wellness,Articles for personal hygiene and wellness,Appliances and products for personal care,Personal care,Miscellaneous goods and services,60-140ml,6.804
200302,520237,Hair gel,Health,Personal hygiene and wellness,Articles for personal hygiene and wellness,Appliances and products for personal care,Personal care,Miscellaneous goods and services,150-200ml,3.531
200501,520241,Razor cartridge blades,Health,Personal hygiene and wellness,Non-electrical appliances,Appliances and products for personal care,Personal care,Miscellaneous goods and services,pack of 3-8,10.976
200602,520243,Liquid foundation,Health,Personal hygiene and wellness,Articles for personal hygiene and wellness,Appliances and products for personal care,Personal care,Miscellaneous goods and services,30-35ml,
201002,520247,Liquid soap,Health,Personal hygiene and wellness,Articles for personal hygiene and wellness,Appliances and products for personal care,Personal care,Miscellaneous goods and services,200-300ml,1.228
201602,520250,Nail varnish,Health,Personal hygiene and wellness,Articles for personal hygiene and wellness,Appliances and products for personal care,Personal care,Miscellaneous goods and services,6-14ml,4.395
202302,520255,Mouthwash,Health,Personal hygiene and wellness,Articles for personal hygiene and wellness,Appliances and products for personal care,Personal care,Miscellaneous goods and services,300-600ml,3.625
198702,430211,Double duvet,Household items,Bed linen,Bed linen,Household Textiles,Household textiles,"Furniture, household equipment and maintenance",10-13.5 tog,30.945
199102,430216,Duvet cover,Household items,Bed linen,Bed linen,Household Textiles,Household textiles,"Furniture, household equipment and maintenance",,24.486
199702,430224,Fitted bed sheet,Household items,Bed linen,Bed linen,Household Textiles,Household textiles,"Furniture, household equipment and maintenance",,10.903
201402,430233,Tufted carpet (synthetic),Household items,"Carpets, rugs and flooring",Carpets and rugs,Carpets and other floor coverings,"Furniture, furnishings and carpets","Furniture, household equipment and maintenance",,24.324
201402,430234,Tufted carpet (wool),Household items,"Carpets, rugs and flooring",Carpets and rugs,Carpets and other floor coverings,"Furniture, furnishings and carpets","Furniture, household equipment and maintenance",,38.677
201702,430235,Rug,Household items,"Carpets, rugs and flooring",Carpets and rugs,Carpets and other floor coverings,"Furniture, furnishings and carpets","Furniture, household equipment and maintenance",,71.373
202102,430237,Luxury vinyl tile,Household items,"Carpets, rugs and flooring",Other floor coverings,Carpets and other floor coverings,"Furniture, furnishings and carpets","Furniture, household equipment and maintenance",per sq. metre,37.139
201902,430425,Dinner plate,Household items,Chinaware and glassware,Glassware; crystal-ware; ceramic ware and chinaware,"Glassware, Tableware and Household Utensils","Glassware, tableware and household utensils","Furniture, household equipment and maintenance",,4.7
200402,430422,Plain glass tumbler,Household items,Chinaware and glassware,Glassware; crystal-ware; ceramic ware and chinaware,"Glassware, Tableware and Household Utensils","Glassware, tableware and household utensils","Furniture, household equipment and maintenance",single,1.422
199602,520118,Flower vase,Household items,Chinaware and glassware,Glassware; crystal-ware; ceramic ware and chinaware,"Glassware, Tableware and Household Utensils","Glassware, tableware and household utensils","Furniture, household equipment and maintenance",,8.654
198702,430509,Household cleaner liquid,Household items,Cleaning,Cleaning and maintenance products,Non-durable household goods,Goods and services for routine maintenance,"Furniture, household equipment and maintenance",450-500ml,1.237
200302,430529,Bleach,Household items,Cleaning,Cleaning and maintenance products,Non-durable household goods,Goods and services for routine maintenance,"Furniture, household equipment and maintenance",750ml,0.979
200402,430533,Kitchen roll,Household items,Cleaning,Other non-durable small household articles,Non-durable household goods,Goods and services for routine maintenance,"Furniture, household equipment and maintenance",pack of 2-4,3.003
201902,430540,Washing detergent,Household items,Cleaning,Cleaning and maintenance products,Non-durable household goods,Goods and services for routine maintenance,"Furniture, household equipment and maintenance",800ml-1.5litre,5.678
202202,430542,Antibacterial surface wipes,Household items,Cleaning,Cleaning and maintenance products,Non-durable household goods,Goods and services for routine maintenance,"Furniture, household equipment and maintenance",per pack,2.261
202202,430543,Bin liners for kitchen use,Household items,Cleaning,Other non-durable small household articles,Non-durable household goods,Goods and services for routine maintenance,"Furniture, household equipment and maintenance",per pack,2.639
198702,430507,Washing up liquid,Household items,Cleaning,Cleaning and maintenance products,Non-durable household goods,Goods and services for routine maintenance,"Furniture, household equipment and maintenance",380-900ml,1.088
200402,430531,Fabric conditioner,Household items,Cleaning,Cleaning and maintenance products,Non-durable household goods,Goods and services for routine maintenance,"Furniture, household equipment and maintenance",500ml-1.5litre,2.098
198902,430414,Gas cooker,Household items,Cookware,Cookers,Major appliances and small electric goods,"Household appliances, fitting and repairs","Furniture, household equipment and maintenance",,396.934
198702,430304,Electric cooker,Household items,Cookware,Cookers,Major appliances and small electric goods,"Household appliances, fitting and repairs","Furniture, household equipment and maintenance",,457.3
198702,430407,Small milk pan,Household items,Cookware,Non-electric kitchen utensils and articles,"Glassware, Tableware and Household Utensils","Glassware, tableware and household utensils","Furniture, household equipment and maintenance",,7.241
200501,430423,Frying pan (non-stick),Household items,Cookware,Non-electric kitchen utensils and articles,"Glassware, Tableware and Household Utensils","Glassware, tableware and household utensils","Furniture, household equipment and maintenance",24-30cm,18.731
200102,430419,Stainless steel cutlery set,Household items,Cookware,Cutlery; flatware and silverware,"Glassware, Tableware and Household Utensils","Glassware, tableware and household utensils","Furniture, household equipment and maintenance",,23.215
198702,430505,Aluminium cooking foil,Household items,Cookware,Other non-durable small household articles,Non-durable household goods,Goods and services for routine maintenance,"Furniture, household equipment and maintenance",290-300mm,2.575
198702,430307,Electric kettle,Household items,Electrical,Coffee machines; tea makers and similar appliances,Major appliances and small electric goods,"Household appliances, fitting and repairs","Furniture, household equipment and maintenance",1.5-1.7litre,30.727
199902,430317,Electric iron,Household items,Electrical,Irons,Major appliances and small electric goods,"Household appliances, fitting and repairs","Furniture, household equipment and maintenance",,34.528
201002,430351,Electric hair styling appliance,Household items,Electrical,Electric appliances for personal care - Not being published,Appliances and products for personal care,Personal care,Miscellaneous goods and services,,
201102,430356,Dish washer,Household items,Electrical,Clothes washing machines; clothes drying machines and dish washing machines,Major appliances and small electric goods,"Household appliances, fitting and repairs","Furniture, household equipment and maintenance",,388.355
201302,430358,Electric heater,Household items,Electrical,Heaters; air conditioners,Major appliances and small electric goods,"Household appliances, fitting and repairs","Furniture, household equipment and maintenance",,44.76
201502,430362,Fridge/freezer,Household items,Electrical,Refrigerators; freezers and fridge-freezers,Major appliances and small electric goods,"Household appliances, fitting and repairs","Furniture, household equipment and maintenance",,477.851
199802,430524,Light bulb,Household items,Electrical,Miscellaneous small tool accessories,Tools and equipment for House and Garden,Tools and equipment for house and garden,"Furniture, household equipment and maintenance",single,3.331
202102,430541,Smart Wi-Fi light bulb,Household items,Electrical,Miscellaneous small tool accessories,Tools and equipment for House and Garden,Tools and equipment for house and garden,"Furniture, household equipment and maintenance",each,18.076
202302,630166,Soundbar,Household items,Electrical,Equipment for the reception; recording and reproduction of sound,Reception and reproduction of sound and pictures,Audio-visual equipment and related products,Recreation and culture, ,246.037
200202,430229,Fabric roller blind,Household items,Furnishing fabrics and curtains                                                            ,Furnishing fabrics and curtains,Household Textiles,Household textiles,"Furniture, household equipment and maintenance",120-180cm,22.371
201802,430236,Curtains (ready made),Household items,Furnishing fabrics and curtains                                                            ,Furnishing fabrics and curtains,Household Textiles,Household textiles,"Furniture, household equipment and maintenance",,44.944
200802,520136,Photo frame,Household items,Furniture,Other personal effects nec,Other personal effects,Personal effects (nec),Miscellaneous goods and services,,10.947
198702,430101,Double wardrobe,Household items,Furniture,Household furniture,Furniture and furnishings,"Furniture, furnishings and carpets","Furniture, household equipment and maintenance",,621.635
198702,430104,Armchair,Household items,Furniture,Household furniture,Furniture and furnishings,"Furniture, furnishings and carpets","Furniture, household equipment and maintenance",,630.817
198902,430119,Kitchen base unit,Household items,Furniture,Household furniture,Furniture and furnishings,"Furniture, furnishings and carpets","Furniture, household equipment and maintenance",width 800-1000mm,213.798
198902,430120,Coffee table,Household items,Furniture,Household furniture,Furniture and furnishings,"Furniture, furnishings and carpets","Furniture, household equipment and maintenance",,284.466
199802,430127,Chest of drawers,Household items,Furniture,Household furniture,Furniture and furnishings,"Furniture, furnishings and carpets","Furniture, household equipment and maintenance",,365.405
200302,430133,Bookcase/freestanding shelve unit,Household items,Furniture,Household furniture,Furniture and furnishings,"Furniture, furnishings and carpets","Furniture, household equipment and maintenance",,369.5
200302,430134,Table lamp,Household items,Furniture,Lighting equipment,Furniture and furnishings,"Furniture, furnishings and carpets","Furniture, household equipment and maintenance",,53.468
200501,430137,Leather settee,Household items,Furniture,Household furniture,Furniture and furnishings,"Furniture, furnishings and carpets","Furniture, household equipment and maintenance",,1771.828
200602,430138,Home office desk,Household items,Furniture,Household furniture,Furniture and furnishings,"Furniture, furnishings and carpets","Furniture, household equipment and maintenance",,319.135
201302,430139,Kitchen wall unit,Household items,Furniture,Household furniture,Furniture and furnishings,"Furniture, furnishings and carpets","Furniture, household equipment and maintenance",width 800-1000mm,179.194
201702,430141,Dinning table with 2-6 chairs,Household items,Furniture,Household furniture,Furniture and furnishings,"Furniture, furnishings and carpets","Furniture, household equipment and maintenance",,925.044
201802,430142,High chair,Household items,Furniture,Other furniture and furnishings,Furniture and furnishings,"Furniture, furnishings and carpets","Furniture, household equipment and maintenance",,88.806
201902,430143,Non leather settee,Household items,Furniture,Household furniture,Furniture and furnishings,"Furniture, furnishings and carpets","Furniture, household equipment and maintenance",,1004.914
202202,430144,Adult bed,Household items,Furniture,Household furniture,Furniture and furnishings,"Furniture, furnishings and carpets","Furniture, household equipment and maintenance",,613.518
200402,520132,Wall hanging mirror,Household items,Furniture,Other furniture and furnishings,Furniture and furnishings,"Furniture, furnishings and carpets","Furniture, household equipment and maintenance",,59.693
198702,410602,Ready mixed filler,Household items,Maintenance and repair,Materials for maintenance and repair,Materials for maintenance and repair,Regular maintenance and repair of the dwelling,"Housing, water, electricity, gas and other fuels",,6.866
198702,410607,Paint brush,Household items,Maintenance and repair,Materials for maintenance and repair,Materials for maintenance and repair,Regular maintenance and repair of the dwelling,"Housing, water, electricity, gas and other fuels",2inch/5cm width,4.384
198702,410611,Door handle,Household items,Maintenance and repair,Miscellaneous small tool accessories,Tools and equipment for House and Garden,Tools and equipment for house and garden,"Furniture, household equipment and maintenance",pack of 1,15.42
198702,410614,Power drill,Household items,Maintenance and repair,Motorized major tools and equipment,Tools and equipment for House and Garden,Tools and equipment for house and garden,"Furniture, household equipment and maintenance",,54.639
199302,410621,Varnish clear gloss,Household items,Maintenance and repair,Materials for maintenance and repair,Materials for maintenance and repair,Regular maintenance and repair of the dwelling,"Housing, water, electricity, gas and other fuels",750ml-1litre,17.657
199702,410625,Screwdriver,Household items,Maintenance and repair,Non-motorized small tools,Tools and equipment for House and Garden,Tools and equipment for house and garden,"Furniture, household equipment and maintenance",,4.697
200501,410629,Wallpaper,Household items,Maintenance and repair,Materials for maintenance and repair,Materials for maintenance and repair,Regular maintenance and repair of the dwelling,"Housing, water, electricity, gas and other fuels",per roll,12.523
200702,410631,Shower head,Household items,Maintenance and repair,Materials for maintenance and repair,Materials for maintenance and repair,Regular maintenance and repair of the dwelling,"Housing, water, electricity, gas and other fuels",,13.351
200902,410632,Carpet cleaner hire,Household items,Maintenance and repair,Repair; leasing and rental of major tools and equipment,Tools and equipment for House and Garden,Tools and equipment for house and garden,"Furniture, household equipment and maintenance",,25.278
201102,410633,Medium density fireboard (MDF),Household items,Maintenance and repair,Materials for maintenance and repair,Materials for maintenance and repair,Regular maintenance and repair of the dwelling,"Housing, water, electricity, gas and other fuels",,32.481
201502,410637,Ceramic tiles,Household items,Maintenance and repair,Materials for maintenance and repair,Materials for maintenance and repair,Regular maintenance and repair of the dwelling,"Housing, water, electricity, gas and other fuels",15x15-25x50cm,18.09
198702,420103,Coal,Household items,Solid and liquid fuels,Solid fuels,Solid fuels,"Electricity , gas and other fuels","Housing, water, electricity, gas and other fuels",50kg,35.207
199902,420405,Kerosene,Household items,Solid and liquid fuels,Liquid fuels,Liquid fuels,"Electricity , gas and other fuels","Housing, water, electricity, gas and other fuels",1000litre,853.904
200102,430228,Bath towel,Household items,Bed linen,Table linen and bathroom linen,Household Textiles,Household textiles,"Furniture, household equipment and maintenance",,14.828
198902,430413,Gas fire,Household items,Solid and liquid fuels,Heaters; air conditioners,Major appliances and small electric goods,"Household appliances, fitting and repairs","Furniture, household equipment and maintenance",,598.003
201802,430539,AA battery,Household items,Electrical,Miscellaneous small tool accessories,Tools and equipment for House and Garden,Tools and equipment for house and garden,"Furniture, household equipment and maintenance",pack of 4,4.826
199902,430525,Clear sticky tape,Household items,Stationary,Other non-durable small household articles,Non-durable household goods,Goods and services for routine maintenance,"Furniture, household equipment and maintenance",per roll,1.911
200102,430526,Greetings card,Household items,Stationary,Miscellaneous printed matter,"Misc. printed matter, stationery, drawing materials","Books, newspapers and stationery",Recreation and culture,,2.079
200102,430527,A4 printer paper,Household items,Stationary,Paper products,"Misc. printed matter, stationery, drawing materials","Books, newspapers and stationery",Recreation and culture,500 sheets,7.166
200302,430530,Black inkjet cartridge,Household items,Stationary,Other stationery and drawing materials,"Misc. printed matter, stationery, drawing materials","Books, newspapers and stationery",Recreation and culture,single pack,22.45
200501,430535,Wrapping paper,Household items,Stationary,Paper products,"Misc. printed matter, stationery, drawing materials","Books, newspapers and stationery",Recreation and culture,per sheet,0.758
198702,430409,Scissors,Household items,Stationary,Non-electric kitchen utensils and articles,"Glassware, Tableware and Household Utensils","Glassware, tableware and household utensils","Furniture, household equipment and maintenance",,3.892
198702,430503,Ballpoint pen,Household items,Stationary,Other stationery and drawing materials,"Misc. printed matter, stationery, drawing materials","Books, newspapers and stationery",Recreation and culture,single,0.534
200501,520134,Luggage trolley case,Household items,Travel,Travel goods,Other personal effects,Personal effects (nec),Miscellaneous goods and services,60-70cm,90.252
201502,630156,Headphones,Recreation and culture,Audio and visual equipment,Other equipment for the reception; recording and reproduction of sound and picture,Reception and reproduction of sound and pictures,Audio-visual equipment and related products,Recreation and culture,,
201802,630159,Television (small),Recreation and culture,Audio and visual equipment,Equipment for the reception; recording and reproduction of sound and vision,Reception and reproduction of sound and pictures,Audio-visual equipment and related products,Recreation and culture,"39"" or smaller",196.883
201802,630160,Television (large),Recreation and culture,Audio and visual equipment,Equipment for the reception; recording and reproduction of sound and vision,Reception and reproduction of sound and pictures,Audio-visual equipment and related products,Recreation and culture,"40"" or larger",
202002,630164,DVD/Blu-ray player,Recreation and culture,Audio and visual equipment,Equipment for the reception; recording and reproduction of sound and vision,Reception and reproduction of sound and pictures,Audio-visual equipment and related products,Recreation and culture,,164.909
200602,630434,Book illustrated for under 5s,Recreation and culture,Books,Fiction books,Books,"Books, newspapers and stationery",Recreation and culture,,6.122
201202,630437,Teenage fiction book,Recreation and culture,Books,Fiction books,Books,"Books, newspapers and stationery",Recreation and culture,,8.614
201602,630439,"Fiction book (paper back, bestseller)",Recreation and culture,Books,Fiction books,Books,"Books, newspapers and stationery",Recreation and culture,,7.279
201902,630440,Child's fiction book (6-12 yrs.),Recreation and culture,Books,Fiction books,Books,"Books, newspapers and stationery",Recreation and culture,,6.536
200501,630226,Recordable CD,Recreation and culture,CD's and DVD's,Unrecorded recording media,Recording media,Audio-visual equipment and related products,Recreation and culture,single,0.358
201802,630376,Childs's sit and ride toys (under 5s),Recreation and culture,"Games, toys and hobbies",Toys and celebration articles,"Games, toys and hobbies","Other recreational items, gardens and pets",Recreation and culture,,44.192
198702,630314,Construction toy,Recreation and culture,"Games, toys and hobbies",Toys and celebration articles,"Games, toys and hobbies","Other recreational items, gardens and pets",Recreation and culture,,14.494
198802,630317,Adult sleeping bag,Recreation and culture,"Games, toys and hobbies",Equipment for camping and open-air recreation,Equipment for sport and open-air recreation,"Other recreational items, gardens and pets",Recreation and culture,,50.846
200402,630342,Beginner's acoustic guitar,Recreation and culture,"Games, toys and hobbies",Musical instruments,Major durables for in/outdoor recreation,Other major durables for recreation and culture,Recreation and culture,,119.344
200802,630359,Digital development,Recreation and culture,"Games, toys and hobbies",Photographic services,Cultural services,Recreational and cultural services,Recreation and culture,per print,0.692
201302,630368,Electronic educational toy,Recreation and culture,"Games, toys and hobbies",Toys and celebration articles,"Games, toys and hobbies","Other recreational items, gardens and pets",Recreation and culture,,22.564
201702,630373,Jigsaw,Recreation and culture,"Games, toys and hobbies",Toys and celebration articles,"Games, toys and hobbies","Other recreational items, gardens and pets",Recreation and culture,minimum 100 pieces,11.931
202202,630382,Adult craft hobby kit,Recreation and culture,"Games, toys and hobbies",Games and hobbies,"Games, toys and hobbies","Other recreational items, gardens and pets",Recreation and culture,,15.307
198702,630505,Garden spade,Recreation and culture,Gardening,Non-motorized small tools,Tools and equipment for House and Garden,Tools and equipment for house and garden,"Furniture, household equipment and maintenance",,21.249
198902,630507,Houseplant,Recreation and culture,Gardening,Plants and flowers,"Gardens, plants and flowers","Other recreational items, gardens and pets",Recreation and culture,,7.363
198902,630510,Potting compost,Recreation and culture,Gardening,Garden products,"Gardens, plants and flowers","Other recreational items, gardens and pets",Recreation and culture,,5.814
200102,630518,Cut flower carnation stem,Recreation and culture,Gardening,Plants and flowers,"Gardens, plants and flowers","Other recreational items, gardens and pets",Recreation and culture,,0.482
200102,630519,Potted shrub,Recreation and culture,Gardening,Plants and flowers,"Gardens, plants and flowers","Other recreational items, gardens and pets",Recreation and culture,,9.104
201402,630525,Plant food,Recreation and culture,Gardening,Garden products,"Gardens, plants and flowers","Other recreational items, gardens and pets",Recreation and culture,800ml-2litre/500g-1.5kg,5.839
201902,630526,Plant seeds,Recreation and culture,Gardening,Plants and flowers,"Gardens, plants and flowers","Other recreational items, gardens and pets",Recreation and culture,,1.978
198702,640212,Theatre ticket,Recreation and culture,Other,Cinemas; theatres; concerts,Cultural services,Recreational and cultural services,Recreation and culture,one adult,32.49
200501,220324,Cinema popcorn,Recreation and culture,Other,Restaurants; cafes and dancing establishments,"Restaurants, cafes",Catering services,Restaurants and hotels,,5.537
200501,640406,Hotel stay,Recreation and culture,Other,Hotels; motel; inns and similar accommodation services,Accommodation Services,Accommodation services,Restaurants and hotels,per night,94.632
199602,430613,Can of dog food,Recreation and culture,Pets,Products for pets,"Pets, related products and services","Other recreational items, gardens and pets",Recreation and culture,385-400g,0.942
200202,430617,Pet cage for a small mammal,Recreation and culture,Pets,Products for pets,"Pets, related products and services","Other recreational items, gardens and pets",Recreation and culture,,33.047
200302,430621,Annual booster injection (medium dog),Recreation and culture,Pets,Veterinary and other services for pets,"Pets, related products and services","Other recreational items, gardens and pets",Recreation and culture,,52.104
200302,430622,Dog kennel fees,Recreation and culture,Pets,Veterinary and other services for pets,"Pets, related products and services","Other recreational items, gardens and pets",Recreation and culture,daily charge,19.356
201902,430626,Dog treats,Recreation and culture,Pets,Products for pets,"Pets, related products and services","Other recreational items, gardens and pets",Recreation and culture,70-400g,1.959
202202,430627,Pet collar,Recreation and culture,Pets,Products for pets,"Pets, related products and services","Other recreational items, gardens and pets",Recreation and culture,single,8.253
200402,630340,Carbon fibre fishing rod,Recreation and culture,Sports and sport equipment,Equipment for sport,Equipment for sport and open-air recreation,"Other recreational items, gardens and pets",Recreation and culture,,49.28
200402,630343,Men's football boots,Recreation and culture,Sports and sport equipment,Equipment for sport,Equipment for sport and open-air recreation,"Other recreational items, gardens and pets",Recreation and culture,,76.261
200402,630345,Golf ball,Recreation and culture,Sports and sport equipment,Equipment for sport,Equipment for sport and open-air recreation,"Other recreational items, gardens and pets",Recreation and culture,per ball,1.541
200602,630357,Squash/tennis racket,Recreation and culture,Sports and sport equipment,Equipment for sport,Equipment for sport and open-air recreation,"Other recreational items, gardens and pets",Recreation and culture,,34.108
199302,640219,Swimming pool/leisure centre admission,Recreation and culture,Sports and sport equipment,Recreational and sporting services - Participation,Recreational and sporting services,Recreational and cultural services,Recreation and culture,,5.194
199602,640222,Exercise class,Recreation and culture,Sports and sport equipment,Recreational and sporting services - Participation,Recreational and sporting services,Recreational and cultural services,Recreation and culture,1hr,7.03
200002,640224,Ten-pin bowling,Recreation and culture,Sports and sport equipment,Recreational and sporting services - Participation,Recreational and sporting services,Recreational and cultural services,Recreation and culture,per game,7.338
200102,640226,Private health club/gym,Recreation and culture,Sports and sport equipment,Recreational and sporting services - Participation,Recreational and sporting services,Recreational and cultural services,Recreation and culture,annual fee,419.023
201802,640243,Soft play session,Recreation and culture,Sports and sport equipment,Recreational and sporting services - Participation,Recreational and sporting services,Recreational and cultural services,Recreation and culture, ,6.806
202202,640244,Climbing wall session,Recreation and culture,Sports and sport equipment,Recreational and sporting services - Participation,Recreational and sporting services,Recreational and cultural services,Recreation and culture,,11.466
200102,440120,Child minder,Services,Care,Child care services,Social Protection,Social protection,Miscellaneous goods and services,hourly rate,5.236
200501,440126,Nanny fees,Services,Care,Domestic services by paid staff,Domestic services and household services,Goods and services for routine maintenance,"Furniture, household equipment and maintenance",weekly,570.011
200501,440128,Home care assistant,Services,Care,Services to maintain people in their private homes,Social Protection,Social protection,Miscellaneous goods and services,hourly rate,22.737
200602,440129,Playgroup fees,Services,Care,Child care services,Social Protection,Social protection,Miscellaneous goods and services,per session,8.648
200102,440232,Nursery fees (0-4 yrs.),Services,Care,Child care services,Social Protection,Social protection,Miscellaneous goods and services,per day,45.243
200202,520324,Residential home,Services,Care,Retire homes for elderly/residences for disabled,Social Protection,Social protection,Miscellaneous goods and services,per week,962.614
200202,520325,Nursing home,Services,Care,Hospital Services,Hospital Services,Hospital services,Health,per week,
198702,520301,Men's haircut,Services,Hairdressing,Hairdressing for men and children,Hairdressing and personal grooming establishments,Personal care,Miscellaneous goods and services,,16.885
198702,520303,Women's hairdressing (cut & blow dry),Services,Hairdressing,Hairdressing for women,Hairdressing and personal grooming establishments,Personal care,Miscellaneous goods and services,,40.672
199402,520311,Women's highlighting,Services,Hairdressing,Hairdressing for women,Hairdressing and personal grooming establishments,Personal care,Miscellaneous goods and services,,76.28
199802,520313,Physiotherapy (private),Services,Health,Paramedical services,"Medical services, paramedical services",Out-patient services,Health,per session,52.781
200302,520326,Private dental examination,Services,Health,Dental services,Dental services,Out-patient services,Health,,48.205
200501,520332,Chiropractor (private),Services,Health,Paramedical services,"Medical services, paramedical services",Out-patient services,Health,per session,58.725
199002,410508,Plumber,Services,Maintenance and repair,Services of plumbers,Services for maintenance and repair,Regular maintenance and repair of the dwelling,"Housing, water, electricity, gas and other fuels",hourly rate,54.273
199002,410509,Electrician,Services,Maintenance and repair,Services of electricians,Services for maintenance and repair,Regular maintenance and repair of the dwelling,"Housing, water, electricity, gas and other fuels",hourly rate,42.966
200102,410517,Decorator,Services,Maintenance and repair,Services of painters,Services for maintenance and repair,Regular maintenance and repair of the dwelling,"Housing, water, electricity, gas and other fuels",daily rate,146.884
200501,410518,Carpenter,Services,Maintenance and repair,Services of carpenters,Services for maintenance and repair,Regular maintenance and repair of the dwelling,"Housing, water, electricity, gas and other fuels",hourly rate,26.091
198702,440101,Domestic cleaner,Services,Maintenance and repair,Other domestic services and household services,Domestic services and household services,Goods and services for routine maintenance,"Furniture, household equipment and maintenance",hourly rate,15.204
199502,440113,Window cleaning,Services,Maintenance and repair,Other domestic services and household services,Domestic services and household services,Goods and services for routine maintenance,"Furniture, household equipment and maintenance",average 3-bed semi detached,16.655
199902,440116,Washing machine repair,Services,Maintenance and repair,Repair of household appliances,Repair of household appliances,"Household appliances, fitting and repairs","Furniture, household equipment and maintenance",,62.326
199902,440118,PC repair,Services,Maintenance and repair,"Repair of audio-visual equipment , related products","Repair of audio-visual equipment , related products",Audio-visual equipment and related products,Recreation and culture,,55.369
198702,440104,Dry cleaning mans suit,Services,Other,Cleaning of clothing,"Cleaning, repair and hire of clothing",Clothing,Clothing and footwear,,14.665
198702,440105,Driving lesson,Services,Other,Driving lessons; test licences and road worthiness tests,Other services,Operation of personal transport equipment,Transport,per hour,33.749
200102,440121,Event catering,Services,Other,Restaurants; cafes and dancing establishments,"Restaurants, cafes",Catering services,Restaurants and hotels,cost per head,9.157
200402,440123,Home removal van,Services,Other,Removal and storage services (was previously - International flights - No,Passenger transport by road,Transport services,Transport,,507.427
200501,440127,Self-storage fee,Services,Other,Removal and storage services (was previously - International flights - No,Passenger transport by road,Transport services,Transport,monthly,115.28
199802,440227,Standard funeral cremation service,Services,Other,Funeral services,Other Services Not Elsewhere covered,Other services (nec),Miscellaneous goods and services,,3022.316
200202,440240,Standard will for a single person,Services,Other,Legal services and accountancy,Other Services Not Elsewhere covered,Other services (nec),Miscellaneous goods and services,,271.0
200501,440254,Solicitor,Services,Other,Legal services and accountancy,Other Services Not Elsewhere covered,Other services (nec),Miscellaneous goods and services,hourly rate,274.357
200402,520331,Basic manicure,Services,Other,Personal grooming treatments,Hairdressing and personal grooming establishments,Personal care,Miscellaneous goods and services,,21.304
200501,620318,Adult bike,Transport,Bikes and cycling equipment,Bicycles,Motorcycles and bicycles,Purchase of vehicles,Transport,,447.154
201702,620319,Adult cycle helmet,Transport,Bikes and cycling equipment,Other articles of clothing,Other clothing and clothing accessories,Clothing,Clothing and footwear,,36.003
202302,610115,Adult electric bike,Transport,Bikes and cycling equipment,Motor cycles,Motorcycles and bicycles,Purchase of vehicles,Transport, ,981.919
199902,610227,Car MOT test fee,Transport,Services,Driving lessons; test licences and road worthiness tests,Other services,Operation of personal transport equipment,Transport,,46.552
200402,610231,Car service (local garage),Transport,Services,Maintenance and repairs,Maintenance and repairs,Operation of personal transport equipment,Transport,,188.293
200402,610232,Car service (main dealer),Transport,Services,Maintenance and repairs,Maintenance and repairs,Operation of personal transport equipment,Transport,,291.228
200602,610235,Car repairs (main dealer),Transport,Services,Maintenance and repairs,Maintenance and repairs,Operation of personal transport equipment,Transport,,130.114
200602,610236,Car repairs (local garage),Transport,Services,Maintenance and repairs,Maintenance and repairs,Operation of personal transport equipment,Transport,,68.115
201402,610238,Car wash (hand or automatic),Transport,Services,Maintenance and repairs,Maintenance and repairs,Operation of personal transport equipment,Transport,,5.941
202202,610242,Exhaust fitting,Transport,Services,Maintenance and repairs,Maintenance and repairs,Operation of personal transport equipment,Transport,,187.666
199502,620308,Minicab fare,Transport,Services,Passenger transport by taxi & hired car with driver,Passenger transport by road,Transport services,Transport,per 2 miles,7.37
200402,620315,Car park charges,Transport,Services,Toll facilities and parking meters,Other services,Operation of personal transport equipment,Transport,per 2 hrs,2.554
198702,610204,Car tyre,Transport,Spare parts,Tyres,Spare parts and accessories,Operation of personal transport equipment,Transport,,82.96
198702,610303,Multigrade oil,Transport,Spare parts,Lubricants,Fuels and lubricants,Operation of personal transport equipment,Transport,per litre,13.765
198702,620303,Self drive van hire,Transport,Vehicle hire,Hire of garages; parking spaces and personal transport equipment,Other services,Operation of personal transport equipment,Transport,per day,68.506
199302,620307,Self drive car hire,Transport,Vehicle hire,Hire of garages; parking spaces and personal transport equipment,Other services,Operation of personal transport equipment,Transport,per day,75.083
202502,CP0111101,"Rice, in all forms (excl. rice flour)",Food and drink,Store cupboard,Rice,Bread and cereals,Food,Food and non-alcoholic beverages,per kg,1.5
202502,CP0111301,"Bread, white",Food and drink,Bakery,Bread,Bread and cereals,Food,Food and non-alcoholic beverages,per kg,1.45
202502,CP0111302,"Bread, brown or seeded",Food and drink,Bakery,Bread,Bread and cereals,Food,Food and non-alcoholic beverages,per kg,1.65
202502,CP0111303,"Bread rolls, buns, baguettes and other loaves",Food and drink,Bakery,Bread,Bread and cereals,Food,Food and non-alcoholic beverages,per kg,3.5
202502,CP0111304,"Flatbreads, thins and pittas",Food and drink,Bakery,Bread,Bread and cereals,Food,Food and non-alcoholic beverages,per pack of 4,1.5
202502,CP0230101,Cigarettes,Recreation and culture,Tobacco,Cigarettes,Tobacco,Tobacco,Alcoholic beverages and tobacco,per pack of 20,15.0
202502,CP0230201,Cigars,Recreation and culture,Tobacco,Other tobacco products,Tobacco,Tobacco,Alcoholic beverages and tobacco,per pack of 5,10.0
202502,CP0230901,"Tobacco, loose",Recreation and culture,Tobacco,Other tobacco products,Tobacco,Tobacco,Alcoholic beverages and tobacco,per pack,11.5
