CONSUMPTION_SEGMENT_CODE,ID_START,CONSUMPTION_SEGMENT_NAME,Category1,Category2,COICOP5,COICOP4,COICOP3,COICOP2,WEIGHT\SIZE,AVERAGE_PRICE
520130,200302,Solid gold ring,Clothing and footwear,Accessories,Jewellery,"Jewellery, clocks and watches",Personal effects (nec),Miscellaneous goods and services,9ct,350.204
520131,200402,Men's analogue  watch,Clothing and footwear,Accessories,Clocks and watches,"Jewellery, clocks and watches",Personal effects (nec),Miscellaneous goods and services,one,220.259
520137,200802,Sterling silver earrings,Clothing and footwear,Accessories,Jewellery,"Jewellery, clocks and watches",Personal effects (nec),Miscellaneous goods and services,1 pair,24.969
520140,201402,Fashion necklace,Clothing and footwear,Accessories,Jewellery,"Jewellery, clocks and watches",Personal effects (nec),Miscellaneous goods and services,one,14.978
510439,202302,Men's belt,Clothing and footwear,Accessories,Other articles of clothing,Other clothing and clothing accessories,Clothing,Clothing and footwear,one,19.862
510434,201902,Adult hat/cap,Clothing and footwear,Accessories,Other articles of clothing,Other clothing and clothing accessories,Clothing,Clothing and footwear,one,16.316
520109,198902,Ladies' handbag/shoulder bag,Clothing and footwear,Accessories,Travel goods,Other personal effects,Personal effects (nec),Miscellaneous goods and services,one,49.955
510429,199702,Knitting wool,Clothing and footwear,Accessories,Clothing accessories,Other clothing and clothing accessories,Clothing,Clothing and footwear,100g,2.304
510432,201102,Lady's scarf,Clothing and footwear,Accessories,Other articles of clothing,Other clothing and clothing accessories,Clothing,Clothing and footwear,one,14.237
510324,200202,School trousers (5-13 yrs.),Clothing and footwear,Children's clothing,Garments for inf (0 to 2 yrs.) & child (3 to 13 yrs.),Garments,Clothing,Clothing and footwear,,10.69
510328,200202,Boy's jeans (5-13 yrs.),Clothing and footwear,Children's clothing,Garments for inf (0 to 2 yrs.) & child (3 to 13 yrs.),Garments,Clothing,Clothing and footwear,,13.161
510330,200202,Baby grow or sleepsuit (0-2 yrs.),Clothing and footwear,Children's clothing,Garments for inf (0 to 2 yrs.) & child (3 to 13 yrs.),Garments,Clothing,Clothing and footwear,,7.953
510336,200202,Girl's skirt for school (5-13 yrs.),Clothing and footwear,Children's clothing,Garments for inf (0 to 2 yrs.) & child (3 to 13 yrs.),Garments,Clothing,Clothing and footwear,,8.879
510340,200402,Girl's fashion top (12-13 yrs.),Clothing and footwear,Children's clothing,Garments for inf (0 to 2 yrs.) & child (3 to 13 yrs.),Garments,Clothing,Clothing and footwear,,8.806
510344,200602,Girl's trousers non-denim (5-13 yrs.),Clothing and footwear,Children's clothing,Garments for inf (0 to 2 yrs.) & child (3 to 13 yrs.),Garments,Clothing,Clothing and footwear,,
510347,201102,Girl's jacket (5-13 yrs.),Clothing and footwear,Children's clothing,Garments for inf (0 to 2 yrs.) & child (3 to 13 yrs.),Garments,Clothing,Clothing and footwear,,24.059
510348,201602,Boy's t-shirt (3-13 yrs.),Clothing and footwear,Children's clothing,Garments for inf (0 to 2 yrs.) & child (3 to 13 yrs.),Garments,Clothing,Clothing and footwear,,9.771
510349,201802,Girl's leggings (5-13 yrs.),Clothing and footwear,Children's clothing,Garments for inf (0 to 2 yrs.) & child (3 to 13 yrs.),Garments,Clothing,Clothing and footwear,,6.704
510350,202102,Boy's jumper/sweatshirt/cardigan,Clothing and footwear,Children's clothing,Garments for inf (0 to 2 yrs.) & child (3 to 13 yrs.),Garments,Clothing,Clothing and footwear,,13.384
510351,202102,Infant's trousers (0-2 yrs.),Clothing and footwear,Children's clothing,Garments for inf (0 to 2 yrs.) & child (3 to 13 yrs.),Garments,Clothing,Clothing and footwear,,8.618
510352,202102,Infant's jumper/sweatshirt/cardigan,Clothing and footwear,Children's clothing,Garments for inf (0 to 2 yrs.) & child (3 to 13 yrs.),Garments,Clothing,Clothing and footwear,,9.036
510436,202202,Child's pyjamas (3-13 yrs.),Clothing and footwear,Children's clothing,Garments for inf (0 to 2 yrs.) & child (3 to 13 yrs.),Garments,Clothing,Clothing and footwear,,10.419
510437,202202,Child's pants (3-13 yrs.),Clothing and footwear,Children's clothing,Garments for inf (0 to 2 yrs.) & child (3 to 13 yrs.),Garments,Clothing,Clothing and footwear,1 pair,1.159
510438,202202,Child's socks,Clothing and footwear,Children's clothing,Garments for inf (0 to 2 yrs.) & child (3 to 13 yrs.),Garments,Clothing,Clothing and footwear,1 pair,1.001
510353,202302,Infant's dress (0-2 yrs.),Clothing and footwear,Children's clothing,Garments for inf (0 to 2 yrs.) & child (3 to 13 yrs.),Garments,Clothing,Clothing and footwear, ,12.339
510528,200302,Child's sports trainers,Clothing and footwear,Children's footwear,Footwear for infants and children,Footwear including repairs,Footwear including repairs,Clothing and footwear,,34.186
510104,198702,Men's jacket/coat,Clothing and footwear,Men's clothing,Garments for men,Garments,Clothing,Clothing and footwear,,75.267
510106,198702,Men's jeans,Clothing and footwear,Men's clothing,Garments for men,Garments,Clothing,Clothing and footwear,,48.362
510108,198702,Men's knitted jumper,Clothing and footwear,Men's clothing,Garments for men,Garments,Clothing,Clothing and footwear,,36.2
510109,198702,Men's formal long sleeve shirt,Clothing and footwear,Men's clothing,Garments for men,Garments,Clothing,Clothing and footwear,,29.756
510113,199302,Men's casual short sleeve top,Clothing and footwear,Men's clothing,Garments for men,Garments,Clothing,Clothing and footwear,,30.373
510117,199702,Men's formal trousers,Clothing and footwear,Men's clothing,Garments for men,Garments,Clothing,Clothing and footwear,,42.28
510118,199702,Men's casual trousers,Clothing and footwear,Men's clothing,Garments for men,Garments,Clothing,Clothing and footwear,,41.383
510120,199702,Men's jumper or sweatshirt,Clothing and footwear,Men's clothing,Garments for men,Garments,Clothing,Clothing and footwear,,36.501
510128,200402,Men's branded sports sweatshirt,Clothing and footwear,Men's clothing,Garments for men,Garments,Clothing,Clothing and footwear,,43.051
510130,200602,Men's coat,Clothing and footwear,Men's clothing,Garments for men,Garments,Clothing,Clothing and footwear,3/4 to full length,125.099
510131,201102,Men's casual shirt,Clothing and footwear,Men's clothing,Garments for men,Garments,Clothing,Clothing and footwear,,37.912
510132,201302,Men's short sleeved t-shirt,Clothing and footwear,Men's clothing,Garments for men,Garments,Clothing,Clothing and footwear,,13.884
510133,202102,Men's loungewear bottoms,Clothing and footwear,Men's clothing,Garments for men,Garments,Clothing,Clothing and footwear,,26.126
510134,202202,Men's formal jacket/blazer,Clothing and footwear,Men's clothing,Garments for men,Garments,Clothing,Clothing and footwear,,112.751
510413,198702,Men's socks,Clothing and footwear,Men's clothing,Garments for men,Garments,Clothing,Clothing and footwear,1 pair,3.681
510419,198702,Men's tie,Clothing and footwear,Men's clothing,Other articles of clothing,Other clothing and clothing accessories,Clothing,Clothing and footwear,,15.542
510433,201702,Men's base layer top,Clothing and footwear,Men's clothing,Garments for men,Garments,Clothing,Clothing and footwear,,26.308
510501,198702,Men's formal shoes,Clothing and footwear,Men's footwear,Footwear for men,Footwear including repairs,Footwear including repairs,Clothing and footwear,,62.193
510515,199702,Men's casual shoes,Clothing and footwear,Men's footwear,Footwear for men,Footwear including repairs,Footwear including repairs,Clothing and footwear,,54.621
510516,199702,Men's training shoes,Clothing and footwear,Men's footwear,Footwear for men,Footwear including repairs,Footwear including repairs,Clothing and footwear,,55.436
510535,201402,Men's canvas fashion shoe/trainer,Clothing and footwear,Men's footwear,Footwear for men,Footwear including repairs,Footwear including repairs,Clothing and footwear,,26.585
510534,201202,Men's walking/hiking boot,Clothing and footwear,Men's footwear,Footwear for men,Footwear including repairs,Footwear including repairs,Clothing and footwear,,106.024
510206,198702,Women's blouse/shirt,Clothing and footwear,Women's clothing,Garments for women,Garments,Clothing,Clothing and footwear,,25.341
510208,198702,Women's formal jacket,Clothing and footwear,Women's clothing,Garments for women,Garments,Clothing,Clothing and footwear,,44.91
510212,198702,Women's jumper,Clothing and footwear,Women's clothing,Garments for women,Garments,Clothing,Clothing and footwear,,27.729
510215,198702,Women's basic plain t-shirt,Clothing and footwear,Women's clothing,Garments for women,Garments,Clothing,Clothing and footwear,,11.249
510219,199702,Women's casual outer jacket,Clothing and footwear,Women's clothing,Garments for women,Garments,Clothing,Clothing and footwear,,53.796
510223,199702,Women's long sleeve top,Clothing and footwear,Women's clothing,Garments for women,Garments,Clothing,Clothing and footwear,,18.926
510233,199902,Women's cardigan,Clothing and footwear,Women's clothing,Garments for women,Garments,Clothing,Clothing and footwear,,26.718
510235,200102,Women's casual trousers,Clothing and footwear,Women's clothing,Garments for women,Garments,Clothing,Clothing and footwear,,28.391
510236,200102,Women's formal trousers,Clothing and footwear,Women's clothing,Garments for women,Garments,Clothing,Clothing and footwear,,31.503
510237,200102,Women's casual skirt,Clothing and footwear,Women's clothing,Garments for women,Garments,Clothing,Clothing and footwear,,24.608
510245,200202,Women's dress,Clothing and footwear,Women's clothing,Garments for women,Garments,Clothing,Clothing and footwear,,34.94
510248,200402,Women's non-branded jeans,Clothing and footwear,Women's clothing,Garments for women,Garments,Clothing,Clothing and footwear,,25.145
510250,200602,Women's coat,Clothing and footwear,Women's clothing,Garments for women,Garments,Clothing,Clothing and footwear,,64.266
510257,201102,Women's casual blouse/shirt,Clothing and footwear,Women's clothing,Garments for women,Garments,Clothing,Clothing and footwear,,28.472
510258,201602,Women's full length leggings,Clothing and footwear,Women's clothing,Garments for women,Garments,Clothing,Clothing and footwear,,13.122
510259,201602,Women's short-sleeve/sleeveless formal top,Clothing and footwear,Women's clothing,Garments for women,Garments,Clothing,Clothing and footwear,,20.226
510405,198702,Women's nightdress/pyjamas,Clothing and footwear,Women's clothing,Garments for women,Garments,Clothing,Clothing and footwear,,17.723
510406,198702,Women's pants,Clothing and footwear,Women's clothing,Garments for women,Garments,Clothing,Clothing and footwear,,5.106
510407,198702,Bra,Clothing and footwear,Women's clothing,Garments for women,Garments,Clothing,Clothing and footwear,cup size A-D range,13.753
510506,198702,Women's sandals,Clothing and footwear,Women's footwear,Footwear for women,Footwear including repairs,Footwear including repairs,Clothing and footwear,,
510529,200402,Women's boots,Clothing and footwear,Women's footwear,Footwear for women,Footwear including repairs,Footwear including repairs,Clothing and footwear,,57.214
510530,200402,Women's flat shoes,Clothing and footwear,Women's footwear,Footwear for women,Footwear including repairs,Footwear including repairs,Clothing and footwear,,41.192
310102,198702,Draught bitter,Food and drink establishments,Alcohol,Restaurants; cafes and dancing establishments,"Restaurants, cafes",Catering services,Restaurants and hotels,per pint,3.598
310109,200302,Draught lager (3.4-4.2%),Food and drink establishments,Alcohol,Restaurants; cafes and dancing establishments,"Restaurants, cafes",Catering services,Restaurants and hotels,per pint,4.066
310110,200302,Draught premium lager (4.3-7.5%),Food and drink establishments,Alcohol,Restaurants; cafes and dancing establishments,"Restaurants, cafes",Catering services,Restaurants and hotels,per pint,4.721
310111,200402,Bottled premium lager (4.3-7.5%),Food and drink establishments,Alcohol,Restaurants; cafes and dancing establishments,"Restaurants, cafes",Catering services,Restaurants and hotels,one bottle,4.014
310114,201702,Cider (4.5-5.5%),Food and drink establishments,Alcohol,Restaurants; cafes and dancing establishments,"Restaurants, cafes",Catering services,Restaurants and hotels,per pint,4.29
310301,198702,Whiskey,Food and drink establishments,Alcohol,Restaurants; cafes and dancing establishments,"Restaurants, cafes",Catering services,Restaurants and hotels,30ml,3.545
310302,198702,Vodka,Food and drink establishments,Alcohol,Restaurants; cafes and dancing establishments,"Restaurants, cafes",Catering services,Restaurants and hotels,30ml,3.742
310306,199702,Bottle of mixer,Food and drink establishments,Alcohol,Restaurants; cafes and dancing establishments,"Restaurants, cafes",Catering services,Restaurants and hotels,125-200ml,1.677
310307,199702,Liqueur,Food and drink establishments,Alcohol,Restaurants; cafes and dancing establishments,"Restaurants, cafes",Catering services,Restaurants and hotels,30ml,3.412
310315,200602,Bottle of wine,Food and drink establishments,Alcohol,Restaurants; cafes and dancing establishments,"Restaurants, cafes",Catering services,Restaurants and hotels,75cl,20.94
310316,202002,Gin,Food and drink establishments,Alcohol,Restaurants; cafes and dancing establishments,"Restaurants, cafes",Catering services,Restaurants and hotels,30ml,3.51
220301,198702,Takeaway fish and chips,Food and drink establishments,Fast food and take aways,Fast food and take away food services,"Restaurants, cafes",Catering services,Restaurants and hotels,,8.823
220303,198702,Takeaway cold sandwich,Food and drink establishments,Fast food and take aways,Fast food and take away food services,"Restaurants, cafes",Catering services,Restaurants and hotels,,2.622
220316,200002,Takeaway or delivery pizza,Food and drink establishments,Fast food and take aways,Fast food and take away food services,"Restaurants, cafes",Catering services,Restaurants and hotels,,9.529
220318,200202,"Indian takeaway, main-course",Food and drink establishments,Fast food and take aways,Fast food and take away food services,"Restaurants, cafes",Catering services,Restaurants and hotels,,8.987
220319,200202,"Chinese takeaway, main-course",Food and drink establishments,Fast food and take aways,Fast food and take away food services,"Restaurants, cafes",Catering services,Restaurants and hotels,,6.709
220320,200202,Takeaway soft drink,Food and drink establishments,Fast food and take aways,Fast food and take away food services,"Restaurants, cafes",Catering services,Restaurants and hotels,,1.609
220323,200302,Takeaway kebab,Food and drink establishments,Fast food and take aways,Fast food and take away food services,"Restaurants, cafes",Catering services,Restaurants and hotels,,6.72
220326,201202,Takeaway chicken & chips,Food and drink establishments,Fast food and take aways,Fast food and take away food services,"Restaurants, cafes",Catering services,Restaurants and hotels,,6.048
220327,201802,Takeaway cooked pastry,Food and drink establishments,Fast food and take aways,Fast food and take away food services,"Restaurants, cafes",Catering services,Restaurants and hotels,,1.468
220328,202002,Takeaway or eat in burger,Food and drink establishments,Fast food and take aways,Fast food and take away food services,"Restaurants, cafes",Catering services,Restaurants and hotels,,4.267
220107,199002,Pub hot meal,Food and drink establishments,"Pubs, restaurants and cafes",Restaurants; cafes and dancing establishments,"Restaurants, cafes",Catering services,Restaurants and hotels,,10.722
220116,200501,Lemonade/Cola on tap,Food and drink establishments,"Pubs, restaurants and cafes",Restaurants; cafes and dancing establishments,"Restaurants, cafes",Catering services,Restaurants and hotels,,2.195
220117,200501,Bottled mineral water,Food and drink establishments,"Pubs, restaurants and cafes",Restaurants; cafes and dancing establishments,"Restaurants, cafes",Catering services,Restaurants and hotels,,2.062
220120,200602,In store cafeteria meal,Food and drink establishments,"Pubs, restaurants and cafes",Restaurants; cafes and dancing establishments,"Restaurants, cafes",Catering services,Restaurants and hotels,,8.763
220121,200602,Restaurant cup of coffee,Food and drink establishments,"Pubs, restaurants and cafes",Restaurants; cafes and dancing establishments,"Restaurants, cafes",Catering services,Restaurants and hotels,,2.866
220122,200602,Restaurant sweet course,Food and drink establishments,"Pubs, restaurants and cafes",Restaurants; cafes and dancing establishments,"Restaurants, cafes",Catering services,Restaurants and hotels,,6.363
220124,200802,Muffin/individual cake,Food and drink establishments,"Pubs, restaurants and cafes",Restaurants; cafes and dancing establishments,"Restaurants, cafes",Catering services,Restaurants and hotels,,2.496
220125,200902,Fruit juice,Food and drink establishments,"Pubs, restaurants and cafes",Restaurants; cafes and dancing establishments,"Restaurants, cafes",Catering services,Restaurants and hotels,250-350ml,2.601
220128,201602,Restaurant main course,Food and drink establishments,"Pubs, restaurants and cafes",Restaurants; cafes and dancing establishments,"Restaurants, cafes",Catering services,Restaurants and hotels,,14.206
220310,198702,Crisps (eating out),Food and drink establishments,"Pubs, restaurants and cafes",Restaurants; cafes and dancing establishments,"Restaurants, cafes",Catering services,Restaurants and hotels,per pack,1.11
220209,200302,Primary school meal (fixed charges),Food and drink establishments,Schools,Canteens,Canteens,Catering services,Restaurants and hotels,,2.385
220210,200302,Secondary school (cafeteria),Food and drink establishments,Schools,Canteens,Canteens,Catering services,Restaurants and hotels,,2.515
520138,201102,Spectacle frames with lens,Health,Glasses and contact lenses,Corrective eye-glasses and contact lenses,Other medical and therapeutic equipment,"Medical products, appliances and equipment",Health,,81.733
520139,201302,Daily disposable soft lenses,Health,Glasses and contact lenses,Corrective eye-glasses and contact lenses,Other medical and therapeutic equipment,"Medical products, appliances and equipment",Health,pack of 30 pairs,30.699
520235,200102,Sunscreen,Health,Personal health,Articles for personal hygiene and wellness,Appliances and products for personal care,Personal care,Miscellaneous goods and services,15 SPF,6.73
520242,200602,Cold/flu drink powder sachets,Health,Personal health,Pharmaceutical products,Pharmaceutical products,"Medical products, appliances and equipment",Health,pack of 10,5.009
520251,201702,Cough syrup,Health,Personal health,Pharmaceutical products,Pharmaceutical products,"Medical products, appliances and equipment",Health,150-200ml,5.498
520213,198702,Tissues,Health,Personal hygiene and wellness,Articles for personal hygiene and wellness,Appliances and products for personal care,Personal care,Miscellaneous goods and services,large box,1.569
520216,198702,Deodorant/anti perspirant,Health,Personal hygiene and wellness,Articles for personal hygiene and wellness,Appliances and products for personal care,Personal care,Miscellaneous goods and services,50-250ml,2.08
520223,199302,Mascara,Health,Personal hygiene and wellness,Articles for personal hygiene and wellness,Appliances and products for personal care,Personal care,Miscellaneous goods and services,,8.909
520226,199602,Shampoo,Health,Personal hygiene and wellness,Articles for personal hygiene and wellness,Appliances and products for personal care,Personal care,Miscellaneous goods and services,250-400ml,3.677
520236,200202,Women's permanent hair colourant,Health,Personal hygiene and wellness,Articles for personal hygiene and wellness,Appliances and products for personal care,Personal care,Miscellaneous goods and services,60-140ml,6.804
520237,200302,Hair gel,Health,Personal hygiene and wellness,Articles for personal hygiene and wellness,Appliances and products for personal care,Personal care,Miscellaneous goods and services,150-200ml,3.531
520241,200501,Razor cartridge blades,Health,Personal hygiene and wellness,Non-electrical appliances,Appliances and products for personal care,Personal care,Miscellaneous goods and services,pack of 3-8,10.976
520243,200602,Liquid foundation,Health,Personal hygiene and wellness,Articles for personal hygiene and wellness,Appliances and products for personal care,Personal care,Miscellaneous goods and services,30-35ml,
520247,201002,Liquid soap,Health,Personal hygiene and wellness,Articles for personal hygiene and wellness,Appliances and products for personal care,Personal care,Miscellaneous goods and services,200-300ml,1.228
520250,201602,Nail varnish,Health,Personal hygiene and wellness,Articles for personal hygiene and wellness,Appliances and products for personal care,Personal care,Miscellaneous goods and services,6-14ml,4.395
520255,202302,Mouthwash,Health,Personal hygiene and wellness,Articles for personal hygiene and wellness,Appliances and products for personal care,Personal care,Miscellaneous goods and services,300-600ml,3.625
430211,198702,Double duvet,Household items,Bed linen,Bed linen,Household Textiles,Household textiles,"Furniture, household equipment and maintenance",10-13.5 tog,30.945
430216,199102,Duvet cover,Household items,Bed linen,Bed linen,Household Textiles,Household textiles,"Furniture, household equipment and maintenance",,24.486
430224,199702,Fitted bed sheet,Household items,Bed linen,Bed linen,Household Textiles,Household textiles,"Furniture, household equipment and maintenance",,10.903
430233,201402,Tufted carpet (synthetic),Household items,"Carpets, rugs and flooring",Carpets and rugs,Carpets and other floor coverings,"Furniture, furnishings and carpets","Furniture, household equipment and maintenance",,24.324
430234,201402,Tufted carpet (wool),Household items,"Carpets, rugs and flooring",Carpets and rugs,Carpets and other floor coverings,"Furniture, furnishings and carpets","Furniture, household equipment and maintenance",,38.677
430235,201702,Rug,Household items,"Carpets, rugs and flooring",Carpets and rugs,Carpets and other floor coverings,"Furniture, furnishings and carpets","Furniture, household equipment and maintenance",,71.373
430237,202102,Luxury vinyl tile,Household items,"Carpets, rugs and flooring",Other floor coverings,Carpets and other floor coverings,"Furniture, furnishings and carpets","Furniture, household equipment and maintenance",per sq. metre,37.139
430425,201902,Dinner plate,Household items,Chinaware and glassware,Glassware; crystal-ware; ceramic ware and chinaware,"Glassware, Tableware and Household Utensils","Glassware, tableware and household utensils","Furniture, household equipment and maintenance",,4.7
430422,200402,Plain glass tumbler,Household items,Chinaware and glassware,Glassware; crystal-ware; ceramic ware and chinaware,"Glassware, Tableware and Household Utensils","Glassware, tableware and household utensils","Furniture, household equipment and maintenance",single,1.422
520118,199602,Flower vase,Household items,Chinaware and glassware,Glassware; crystal-ware; ceramic ware and chinaware,"Glassware, Tableware and Household Utensils","Glassware, tableware and household utensils","Furniture, household equipment and maintenance",,8.654
430509,198702,Household cleaner liquid,Household items,Cleaning,Cleaning and maintenance products,Non-durable household goods,Goods and services for routine maintenance,"Furniture, household equipment and maintenance",450-500ml,1.237
430529,200302,Bleach,Household items,Cleaning,Cleaning and maintenance products,Non-durable household goods,Goods and services for routine maintenance,"Furniture, household equipment and maintenance",750ml,0.979
430533,200402,Kitchen roll,Household items,Cleaning,Other non-durable small household articles,Non-durable household goods,Goods and services for routine maintenance,"Furniture, household equipment and maintenance",pack of 2-4,3.003
430540,201902,Washing detergent,Household items,Cleaning,Cleaning and maintenance products,Non-durable household goods,Goods and services for routine maintenance,"Furniture, household equipment and maintenance",800ml-1.5litre,5.678
430542,202202,Antibacterial surface wipes,Household items,Cleaning,Cleaning and maintenance products,Non-durable household goods,Goods and services for routine maintenance,"Furniture, household equipment and maintenance",per pack,2.261
430543,202202,Bin liners for kitchen use,Household items,Cleaning,Other non-durable small household articles,Non-durable household goods,Goods and services for routine maintenance,"Furniture, household equipment and maintenance",per pack,2.639
430507,198702,Washing up liquid,Household items,Cleaning,Cleaning and maintenance products,Non-durable household goods,Goods and services for routine maintenance,"Furniture, household equipment and maintenance",380-900ml,1.088
430531,200402,Fabric conditioner,Household items,Cleaning,Cleaning and maintenance products,Non-durable household goods,Goods and services for routine maintenance,"Furniture, household equipment and maintenance",500ml-1.5litre,2.098
430414,198902,Gas cooker,Household items,Cookware,Cookers,Major appliances and small electric goods,"Household appliances, fitting and repairs","Furniture, household equipment and maintenance",,396.934
430304,198702,Electric cooker,Household items,Cookware,Cookers,Major appliances and small electric goods,"Household appliances, fitting and repairs","Furniture, household equipment and maintenance",,457.3
430407,198702,Small milk pan,Household items,Cookware,Non-electric kitchen utensils and articles,"Glassware, Tableware and Household Utensils","Glassware, tableware and household utensils","Furniture, household equipment and maintenance",,7.241
430423,200501,Frying pan (non-stick),Household items,Cookware,Non-electric kitchen utensils and articles,"Glassware, Tableware and Household Utensils","Glassware, tableware and household utensils","Furniture, household equipment and maintenance",24-30cm,18.731
430419,200102,Stainless steel cutlery set,Household items,Cookware,Cutlery; flatware and silverware,"Glassware, Tableware and Household Utensils","Glassware, tableware and household utensils","Furniture, household equipment and maintenance",,23.215
430505,198702,Aluminium cooking foil,Household items,Cookware,Other non-durable small household articles,Non-durable household goods,Goods and services for routine maintenance,"Furniture, household equipment and maintenance",290-300mm,2.575
430307,198702,Electric kettle,Household items,Electrical,Coffee machines; tea makers and similar appliances,Major appliances and small electric goods,"Household appliances, fitting and repairs","Furniture, household equipment and maintenance",1.5-1.7litre,30.727
430317,199902,Electric iron,Household items,Electrical,Irons,Major appliances and small electric goods,"Household appliances, fitting and repairs","Furniture, household equipment and maintenance",,34.528
430351,201002,Electric hair styling appliance,Household items,Electrical,Electric appliances for personal care - Not being published,Appliances and products for personal care,Personal care,Miscellaneous goods and services,,
430356,201102,Dish washer,Household items,Electrical,Clothes washing machines; clothes drying machines and dish washing machines,Major appliances and small electric goods,"Household appliances, fitting and repairs","Furniture, household equipment and maintenance",,388.355
430358,201302,Electric heater,Household items,Electrical,Heaters; air conditioners,Major appliances and small electric goods,"Household appliances, fitting and repairs","Furniture, household equipment and maintenance",,44.76
430362,201502,Fridge/freezer,Household items,Electrical,Refrigerators; freezers and fridge-freezers,Major appliances and small electric goods,"Household appliances, fitting and repairs","Furniture, household equipment and maintenance",,477.851
430524,199802,Light bulb,Household items,Electrical,Miscellaneous small tool accessories,Tools and equipment for House and Garden,Tools and equipment for house and garden,"Furniture, household equipment and maintenance",single,3.331
430541,202102,Smart Wi-Fi light bulb,Household items,Electrical,Miscellaneous small tool accessories,Tools and equipment for House and Garden,Tools and equipment for house and garden,"Furniture, household equipment and maintenance",each,18.076
630166,202302,Soundbar,Household items,Electrical,Equipment for the reception; recording and reproduction of sound,Reception and reproduction of sound and pictures,Audio-visual equipment and related products,Recreation and culture, ,246.037
430229,200202,Fabric roller blind,Household items,Furnishing fabrics and curtains,Furnishing fabrics and curtains,Household Textiles,Household textiles,"Furniture, household equipment and maintenance",120-180cm,22.371
430236,201802,Curtains (ready made),Household items,Furnishing fabrics and curtains,Furnishing fabrics and curtains,Household Textiles,Household textiles,"Furniture, household equipment and maintenance",,44.944
520136,200802,Photo frame,Household items,Furniture,Other personal effects nec,Other personal effects,Personal effects (nec),Miscellaneous goods and services,,10.947
430101,198702,Double wardrobe,Household items,Furniture,Household furniture,Furniture and furnishings,"Furniture, furnishings and carpets","Furniture, household equipment and maintenance",,621.635
430104,198702,Armchair,Household items,Furniture,Household furniture,Furniture and furnishings,"Furniture, furnishings and carpets","Furniture, household equipment and maintenance",,630.817
430119,198902,Kitchen base unit,Household items,Furniture,Household furniture,Furniture and furnishings,"Furniture, furnishings and carpets","Furniture, household equipment and maintenance",width 800-1000mm,213.798
430120,198902,Coffee table,Household items,Furniture,Household furniture,Furniture and furnishings,"Furniture, furnishings and carpets","Furniture, household equipment and maintenance",,284.466
430127,199802,Chest of drawers,Household items,Furniture,Household furniture,Furniture and furnishings,"Furniture, furnishings and carpets","Furniture, household equipment and maintenance",,365.405
430133,200302,Bookcase/freestanding shelve unit,Household items,Furniture,Household furniture,Furniture and furnishings,"Furniture, furnishings and carpets","Furniture, household equipment and maintenance",,369.5
430134,200302,Table lamp,Household items,Furniture,Lighting equipment,Furniture and furnishings,"Furniture, furnishings and carpets","Furniture, household equipment and maintenance",,53.468
430137,200501,Leather settee,Household items,Furniture,Household furniture,Furniture and furnishings,"Furniture, furnishings and carpets","Furniture, household equipment and maintenance",,1771.828
430138,200602,Home office desk,Household items,Furniture,Household furniture,Furniture and furnishings,"Furniture, furnishings and carpets","Furniture, household equipment and maintenance",,319.135
430139,201302,Kitchen wall unit,Household items,Furniture,Household furniture,Furniture and furnishings,"Furniture, furnishings and carpets","Furniture, household equipment and maintenance",width 800-1000mm,179.194
430141,201702,Dinning table with 2-6 chairs,Household items,Furniture,Household furniture,Furniture and furnishings,"Furniture, furnishings and carpets","Furniture, household equipment and maintenance",,925.044
430142,201802,High chair,Household items,Furniture,Other furniture and furnishings,Furniture and furnishings,"Furniture, furnishings and carpets","Furniture, household equipment and maintenance",,88.806
430143,201902,Non leather settee,Household items,Furniture,Household furniture,Furniture and furnishings,"Furniture, furnishings and carpets","Furniture, household equipment and maintenance",,1004.914
430144,202202,Adult bed,Household items,Furniture,Household furniture,Furniture and furnishings,"Furniture, furnishings and carpets","Furniture, household equipment and maintenance",,613.518
520132,200402,Wall hanging mirror,Household items,Furniture,Other furniture and furnishings,Furniture and furnishings,"Furniture, furnishings and carpets","Furniture, household equipment and maintenance",,59.693
410602,198702,Ready mixed filler,Household items,Maintenance and repair,Materials for maintenance and repair,Materials for maintenance and repair,Regular maintenance and repair of the dwelling,"Housing, water, electricity, gas and other fuels",,6.866
410607,198702,Paint brush,Household items,Maintenance and repair,Materials for maintenance and repair,Materials for maintenance and repair,Regular maintenance and repair of the dwelling,"Housing, water, electricity, gas and other fuels",2inch/5cm width,4.384
410611,198702,Door handle,Household items,Maintenance and repair,Miscellaneous small tool accessories,Tools and equipment for House and Garden,Tools and equipment for house and garden,"Furniture, household equipment and maintenance",pack of 1,15.42
410614,198702,Power drill,Household items,Maintenance and repair,Motorized major tools and equipment,Tools and equipment for House and Garden,Tools and equipment for house and garden,"Furniture, household equipment and maintenance",,54.639
410621,199302,Varnish clear gloss,Household items,Maintenance and repair,Materials for maintenance and repair,Materials for maintenance and repair,Regular maintenance and repair of the dwelling,"Housing, water, electricity, gas and other fuels",750ml-1litre,17.657
410625,199702,Screwdriver,Household items,Maintenance and repair,Non-motorized small tools,Tools and equipment for House and Garden,Tools and equipment for house and garden,"Furniture, household equipment and maintenance",,4.697
410629,200501,Wallpaper,Household items,Maintenance and repair,Materials for maintenance and repair,Materials for maintenance and repair,Regular maintenance and repair of the dwelling,"Housing, water, electricity, gas and other fuels",per roll,12.523
410631,200702,Shower head,Household items,Maintenance and repair,Materials for maintenance and repair,Materials for maintenance and repair,Regular maintenance and repair of the dwelling,"Housing, water, electricity, gas and other fuels",,13.351
410632,200902,Carpet cleaner hire,Household items,Maintenance and repair,Repair; leasing and rental of major tools and equipment,Tools and equipment for House and Garden,Tools and equipment for house and garden,"Furniture, household equipment and maintenance",,25.278
410633,201102,Medium density fireboard (MDF),Household items,Maintenance and repair,Materials for maintenance and repair,Materials for maintenance and repair,Regular maintenance and repair of the dwelling,"Housing, water, electricity, gas and other fuels",,32.481
410637,201502,Ceramic tiles,Household items,Maintenance and repair,Materials for maintenance and repair,Materials for maintenance and repair,Regular maintenance and repair of the dwelling,"Housing, water, electricity, gas and other fuels",15x15-25x50cm,18.09
420103,198702,Coal,Household items,Solid and liquid fuels,Solid fuels,Solid fuels,"Electricity , gas and other fuels","Housing, water, electricity, gas and other fuels",50kg,35.207
420405,199902,Kerosene,Household items,Solid and liquid fuels,Liquid fuels,Liquid fuels,"Electricity , gas and other fuels","Housing, water, electricity, gas and other fuels",1000litre,853.904
430228,200102,Bath towel,Household items,Bed linen,Table linen and bathroom linen,Household Textiles,Household textiles,"Furniture, household equipment and maintenance",,14.828
430413,198902,Gas fire,Household items,Solid and liquid fuels,Heaters; air conditioners,Major appliances and small electric goods,"Household appliances, fitting and repairs","Furniture, household equipment and maintenance",,598.003
430539,201802,AA battery,Household items,Electrical,Miscellaneous small tool accessories,Tools and equipment for House and Garden,Tools and equipment for house and garden,"Furniture, household equipment and maintenance",pack of 4,4.826
430525,199902,Clear sticky tape,Household items,Stationary,Other non-durable small household articles,Non-durable household goods,Goods and services for routine maintenance,"Furniture, household equipment and maintenance",per roll,1.911
430526,200102,Greetings card,Household items,Stationary,Miscellaneous printed matter,"Misc. printed matter, stationery, drawing materials","Books, newspapers and stationery",Recreation and culture,,2.079
430527,200102,A4 printer paper,Household items,Stationary,Paper products,"Misc. printed matter, stationery, drawing materials","Books, newspapers and stationery",Recreation and culture,500 sheets,7.166
430530,200302,Black inkjet cartridge,Household items,Stationary,Other stationery and drawing materials,"Misc. printed matter, stationery, drawing materials","Books, newspapers and stationery",Recreation and culture,single pack,22.45
430535,200501,Wrapping paper,Household items,Stationary,Paper products,"Misc. printed matter, stationery, drawing materials","Books, newspapers and stationery",Recreation and culture,per sheet,0.758
430409,198702,Scissors,Household items,Stationary,Non-electric kitchen utensils and articles,"Glassware, Tableware and Household Utensils","Glassware, tableware and household utensils","Furniture, household equipment and maintenance",,3.892
430503,198702,Ballpoint pen,Household items,Stationary,Other stationery and drawing materials,"Misc. printed matter, stationery, drawing materials","Books, newspapers and stationery",Recreation and culture,single,0.534
520134,200501,Luggage trolley case,Household items,Travel,Travel goods,Other personal effects,Personal effects (nec),Miscellaneous goods and services,60-70cm,90.252
630156,201502,Headphones,Recreation and culture,Audio and visual equipment,Other equipment for the reception; recording and reproduction of sound and picture,Reception and reproduction of sound and pictures,Audio-visual equipment and related products,Recreation and culture,,
630159,201802,Television (small),Recreation and culture,Audio and visual equipment,Equipment for the reception; recording and reproduction of sound and vision,Reception and reproduction of sound and pictures,Audio-visual equipment and related products,Recreation and culture,"39"" or smaller",196.883
630160,201802,Television (large),Recreation and culture,Audio and visual equipment,Equipment for the reception; recording and reproduction of sound and vision,Reception and reproduction of sound and pictures,Audio-visual equipment and related products,Recreation and culture,"40"" or larger",
630164,202002,DVD/Blu-ray player,Recreation and culture,Audio and visual equipment,Equipment for the reception; recording and reproduction of sound and vision,Reception and reproduction of sound and pictures,Audio-visual equipment and related products,Recreation and culture,,164.909
630434,200602,Book illustrated for under 5s,Recreation and culture,Books,Fiction books,Books,"Books, newspapers and stationery",Recreation and culture,,6.122
630437,201202,Teenage fiction book,Recreation and culture,Books,Fiction books,Books,"Books, newspapers and stationery",Recreation and culture,,8.614
630439,201602,"Fiction book (paper back, bestseller)",Recreation and culture,Books,Fiction books,Books,"Books, newspapers and stationery",Recreation and culture,,7.279
630440,201902,Child's fiction book (6-12 yrs.),Recreation and culture,Books,Fiction books,Books,"Books, newspapers and stationery",Recreation and culture,,6.536
630226,200501,Recordable CD,Recreation and culture,CD's and DVD's,Unrecorded recording media,Recording media,Audio-visual equipment and related products,Recreation and culture,single,0.358
630376,201802,Childs's sit and ride toys (under 5s),Recreation and culture,"Games, toys and hobbies",Toys and celebration articles,"Games, toys and hobbies","Other recreational items, gardens and pets",Recreation and culture,,44.192
630314,198702,Construction toy,Recreation and culture,"Games, toys and hobbies",Toys and celebration articles,"Games, toys and hobbies","Other recreational items, gardens and pets",Recreation and culture,,14.494
630317,198802,Adult sleeping bag,Recreation and culture,"Games, toys and hobbies",Equipment for camping and open-air recreation,Equipment for sport and open-air recreation,"Other recreational items, gardens and pets",Recreation and culture,,50.846
630342,200402,Beginner's acoustic guitar,Recreation and culture,"Games, toys and hobbies",Musical instruments,Major durables for in/outdoor recreation,Other major durables for recreation and culture,Recreation and culture,,119.344
630359,200802,Digital development,Recreation and culture,"Games, toys and hobbies",Photographic services,Cultural services,Recreational and cultural services,Recreation and culture,per print,0.692
630368,201302,Electronic educational toy,Recreation and culture,"Games, toys and hobbies",Toys and celebration articles,"Games, toys and hobbies","Other recreational items, gardens and pets",Recreation and culture,,22.564
630373,201702,Jigsaw,Recreation and culture,"Games, toys and hobbies",Toys and celebration articles,"Games, toys and hobbies","Other recreational items, gardens and pets",Recreation and culture,minimum 100 pieces,11.931
630382,202202,Adult craft hobby kit,Recreation and culture,"Games, toys and hobbies",Games and hobbies,"Games, toys and hobbies","Other recreational items, gardens and pets",Recreation and culture,,15.307
630505,198702,Garden spade,Recreation and culture,Gardening,Non-motorized small tools,Tools and equipment for House and Garden,Tools and equipment for house and garden,"Furniture, household equipment and maintenance",,21.249
630507,198902,Houseplant,Recreation and culture,Gardening,Plants and flowers,"Gardens, plants and flowers","Other recreational items, gardens and pets",Recreation and culture,,7.363
630510,198902,Potting compost,Recreation and culture,Gardening,Garden products,"Gardens, plants and flowers","Other recreational items, gardens and pets",Recreation and culture,,5.814
630518,200102,Cut flower carnation stem,Recreation and culture,Gardening,Plants and flowers,"Gardens, plants and flowers","Other recreational items, gardens and pets",Recreation and culture,,0.482
630519,200102,Potted shrub,Recreation and culture,Gardening,Plants and flowers,"Gardens, plants and flowers","Other recreational items, gardens and pets",Recreation and culture,,9.104
630525,201402,Plant food,Recreation and culture,Gardening,Garden products,"Gardens, plants and flowers","Other recreational items, gardens and pets",Recreation and culture,800ml-2litre/500g-1.5kg,5.839
630526,201902,Plant seeds,Recreation and culture,Gardening,Plants and flowers,"Gardens, plants and flowers","Other recreational items, gardens and pets",Recreation and culture,,1.978
640212,198702,Theatre ticket,Recreation and culture,Other,Cinemas; theatres; concerts,Cultural services,Recreational and cultural services,Recreation and culture,one adult,32.49
220324,200501,Cinema popcorn,Recreation and culture,Other,Restaurants; cafes and dancing establishments,"Restaurants, cafes",Catering services,Restaurants and hotels,,5.537
640406,200501,Hotel stay,Recreation and culture,Other,Hotels; motel; inns and similar accommodation services,Accommodation Services,Accommodation services,Restaurants and hotels,per night,94.632
430613,199602,Can of dog food,Recreation and culture,Pets,Products for pets,"Pets, related products and services","Other recreational items, gardens and pets",Recreation and culture,385-400g,0.942
430617,200202,Pet cage for a small mammal,Recreation and culture,Pets,Products for pets,"Pets, related products and services","Other recreational items, gardens and pets",Recreation and culture,,33.047
430621,200302,Annual booster injection (medium dog),Recreation and culture,Pets,Veterinary and other services for pets,"Pets, related products and services","Other recreational items, gardens and pets",Recreation and culture,,52.104
430622,200302,Dog kennel fees,Recreation and culture,Pets,Veterinary and other services for pets,"Pets, related products and services","Other recreational items, gardens and pets",Recreation and culture,daily charge,19.356
430626,201902,Dog treats,Recreation and culture,Pets,Products for pets,"Pets, related products and services","Other recreational items, gardens and pets",Recreation and culture,70-400g,1.959
430627,202202,Pet collar,Recreation and culture,Pets,Products for pets,"Pets, related products and services","Other recreational items, gardens and pets",Recreation and culture,single,8.253
630340,200402,Carbon fibre fishing rod,Recreation and culture,Sports and sport equipment,Equipment for sport,Equipment for sport and open-air recreation,"Other recreational items, gardens and pets",Recreation and culture,,49.28
630343,200402,Men's football boots,Recreation and culture,Sports and sport equipment,Equipment for sport,Equipment for sport and open-air recreation,"Other recreational items, gardens and pets",Recreation and culture,,76.261
630345,200402,Golf ball,Recreation and culture,Sports and sport equipment,Equipment for sport,Equipment for sport and open-air recreation,"Other recreational items, gardens and pets",Recreation and culture,per ball,1.541
630357,200602,Squash/tennis racket,Recreation and culture,Sports and sport equipment,Equipment for sport,Equipment for sport and open-air recreation,"Other recreational items, gardens and pets",Recreation and culture,,34.108
640219,199302,Swimming pool/leisure centre admission,Recreation and culture,Sports and sport equipment,Recreational and sporting services - Participation,Recreational and sporting services,Recreational and cultural services,Recreation and culture,,5.194
640222,199602,Exercise class,Recreation and culture,Sports and sport equipment,Recreational and sporting services - Participation,Recreational and sporting services,Recreational and cultural services,Recreation and culture,1hr,7.03
640224,200002,Ten-pin bowling,Recreation and culture,Sports and sport equipment,Recreational and sporting services - Participation,Recreational and sporting services,Recreational and cultural services,Recreation and culture,per game,7.338
640226,200102,Private health club/gym,Recreation and culture,Sports and sport equipment,Recreational and sporting services - Participation,Recreational and sporting services,Recreational and cultural services,Recreation and culture,annual fee,419.023
640243,201802,Soft play session,Recreation and culture,Sports and sport equipment,Recreational and sporting services - Participation,Recreational and sporting services,Recreational and cultural services,Recreation and culture, ,6.806
640244,202202,Climbing wall session,Recreation and culture,Sports and sport equipment,Recreational and sporting services - Participation,Recreational and sporting services,Recreational and cultural services,Recreation and culture,,11.466
440120,200102,Child minder,Services,Care,Child care services,Social Protection,Social protection,Miscellaneous goods and services,hourly rate,5.236
440126,200501,Nanny fees,Services,Care,Domestic services by paid staff,Domestic services and household services,Goods and services for routine maintenance,"Furniture, household equipment and maintenance",weekly,570.011
440128,200501,Home care assistant,Services,Care,Services to maintain people in their private homes,Social Protection,Social protection,Miscellaneous goods and services,hourly rate,22.737
440129,200602,Playgroup fees,Services,Care,Child care services,Social Protection,Social protection,Miscellaneous goods and services,per session,8.648
440232,200102,Nursery fees (0-4 yrs.),Services,Care,Child care services,Social Protection,Social protection,Miscellaneous goods and services,per day,45.243
520324,200202,Residential home,Services,Care,Retire homes for elderly/residences for disabled,Social Protection,Social protection,Miscellaneous goods and services,per week,962.614
520325,200202,Nursing home,Services,Care,Hospital Services,Hospital Services,Hospital services,Health,per week,
520301,198702,Men's haircut,Services,Hairdressing,Hairdressing for men and children,Hairdressing and personal grooming establishments,Personal care,Miscellaneous goods and services,,16.885
520303,198702,Women's hairdressing (cut & blow dry),Services,Hairdressing,Hairdressing for women,Hairdressing and personal grooming establishments,Personal care,Miscellaneous goods and services,,40.672
520311,199402,Women's highlighting,Services,Hairdressing,Hairdressing for women,Hairdressing and personal grooming establishments,Personal care,Miscellaneous goods and services,,76.28
520313,199802,Physiotherapy (private),Services,Health,Paramedical services,"Medical services, paramedical services",Out-patient services,Health,per session,52.781
520326,200302,Private dental examination,Services,Health,Dental services,Dental services,Out-patient services,Health,,48.205
520332,200501,Chiropractor (private),Services,Health,Paramedical services,"Medical services, paramedical services",Out-patient services,Health,per session,58.725
410508,199002,Plumber,Services,Maintenance and repair,Services of plumbers,Services for maintenance and repair,Regular maintenance and repair of the dwelling,"Housing, water, electricity, gas and other fuels",hourly rate,54.273
410509,199002,Electrician,Services,Maintenance and repair,Services of electricians,Services for maintenance and repair,Regular maintenance and repair of the dwelling,"Housing, water, electricity, gas and other fuels",hourly rate,42.966
410517,200102,Decorator,Services,Maintenance and repair,Services of painters,Services for maintenance and repair,Regular maintenance and repair of the dwelling,"Housing, water, electricity, gas and other fuels",daily rate,146.884
410518,200501,Carpenter,Services,Maintenance and repair,Services of carpenters,Services for maintenance and repair,Regular maintenance and repair of the dwelling,"Housing, water, electricity, gas and other fuels",hourly rate,26.091
440101,198702,Domestic cleaner,Services,Maintenance and repair,Other domestic services and household services,Domestic services and household services,Goods and services for routine maintenance,"Furniture, household equipment and maintenance",hourly rate,15.204
440113,199502,Window cleaning,Services,Maintenance and repair,Other domestic services and household services,Domestic services and household services,Goods and services for routine maintenance,"Furniture, household equipment and maintenance",average 3-bed semi detached,16.655
440116,199902,Washing machine repair,Services,Maintenance and repair,Repair of household appliances,Repair of household appliances,"Household appliances, fitting and repairs","Furniture, household equipment and maintenance",,62.326
440118,199902,PC repair,Services,Maintenance and repair,"Repair of audio-visual equipment , related products","Repair of audio-visual equipment , related products",Audio-visual equipment and related products,Recreation and culture,,55.369
440104,198702,Dry cleaning mans suit,Services,Other,Cleaning of clothing,"Cleaning, repair and hire of clothing",Clothing,Clothing and footwear,,14.665
440105,198702,Driving lesson,Services,Other,Driving lessons; test licences and road worthiness tests,Other services,Operation of personal transport equipment,Transport,per hour,33.749
440121,200102,Event catering,Services,Other,Restaurants; cafes and dancing establishments,"Restaurants, cafes",Catering services,Restaurants and hotels,cost per head,9.157
440123,200402,Home removal van,Services,Other,Removal and storage services (was previously - International flights - No,Passenger transport by road,Transport services,Transport,,507.427
440127,200501,Self-storage fee,Services,Other,Removal and storage services (was previously - International flights - No,Passenger transport by road,Transport services,Transport,monthly,115.28
440227,199802,Standard funeral cremation service,Services,Other,Funeral services,Other Services Not Elsewhere covered,Other services (nec),Miscellaneous goods and services,,3022.316
440240,200202,Standard will for a single person,Services,Other,Legal services and accountancy,Other Services Not Elsewhere covered,Other services (nec),Miscellaneous goods and services,,271.0
440254,200501,Solicitor,Services,Other,Legal services and accountancy,Other Services Not Elsewhere covered,Other services (nec),Miscellaneous goods and services,hourly rate,274.357
520331,200402,Basic manicure,Services,Other,Personal grooming treatments,Hairdressing and personal grooming establishments,Personal care,Miscellaneous goods and services,,21.304
620318,200501,Adult bike,Transport,Bikes and cycling equipment,Bicycles,Motorcycles and bicycles,Purchase of vehicles,Transport,,447.154
620319,201702,Adult cycle helmet,Transport,Bikes and cycling equipment,Other articles of clothing,Other clothing and clothing accessories,Clothing,Clothing and footwear,,36.003
610115,202302,Adult electric bike,Transport,Bikes and cycling equipment,Motor cycles,Motorcycles and bicycles,Purchase of vehicles,Transport, ,981.919
610227,199902,Car MOT test fee,Transport,Services,Driving lessons; test licences and road worthiness tests,Other services,Operation of personal transport equipment,Transport,,46.552
610231,200402,Car service (local garage),Transport,Services,Maintenance and repairs,Maintenance and repairs,Operation of personal transport equipment,Transport,,188.293
610232,200402,Car service (main dealer),Transport,Services,Maintenance and repairs,Maintenance and repairs,Operation of personal transport equipment,Transport,,291.228
610235,200602,Car repairs (main dealer),Transport,Services,Maintenance and repairs,Maintenance and repairs,Operation of personal transport equipment,Transport,,130.114
610236,200602,Car repairs (local garage),Transport,Services,Maintenance and repairs,Maintenance and repairs,Operation of personal transport equipment,Transport,,68.115
610238,201402,Car wash (hand or automatic),Transport,Services,Maintenance and repairs,Maintenance and repairs,Operation of personal transport equipment,Transport,,5.941
610242,202202,Exhaust fitting,Transport,Services,Maintenance and repairs,Maintenance and repairs,Operation of personal transport equipment,Transport,,187.666
620308,199502,Minicab fare,Transport,Services,Passenger transport by taxi & hired car with driver,Passenger transport by road,Transport services,Transport,per 2 miles,7.37
620315,200402,Car park charges,Transport,Services,Toll facilities and parking meters,Other services,Operation of personal transport equipment,Transport,per 2 hrs,2.554
610204,198702,Car tyre,Transport,Spare parts,Tyres,Spare parts and accessories,Operation of personal transport equipment,Transport,,82.96
610303,198702,Multigrade oil,Transport,Spare parts,Lubricants,Fuels and lubricants,Operation of personal transport equipment,Transport,per litre,13.765
620303,198702,Self drive van hire,Transport,Vehicle hire,Hire of garages; parking spaces and personal transport equipment,Other services,Operation of personal transport equipment,Transport,per day,68.506
620307,199302,Self drive car hire,Transport,Vehicle hire,Hire of garages; parking spaces and personal transport equipment,Other services,Operation of personal transport equipment,Transport,per day,75.083
CP0111101,202502,"Rice, in all forms (excl. rice flour)",Food and drink,Store cupboard,Rice,Bread and cereals,Food,Food and non-alcoholic beverages,per kg,1.5
CP0111101,202502,"Rice, in all forms (excl. rice flour)",Food and drink,Store cupboard,Rice,Bread and cereals,Food,Food and non-alcoholic beverages,per pack,1.0
CP0111101,202502,"Rice, in all forms (excl. rice flour)",Food and drink,Store cupboard,Rice,Bread and cereals,Food,Food and non-alcoholic beverages,per pack,2.5
CP0111301,202502,"Bread, white",Food and drink,Bakery,Bread,Bread and cereals,Food,Food and non-alcoholic beverages,per kg,1.45
CP0111301,202502,"Bread, white",Food and drink,Bakery,Bread,Bread and cereals,Food,Food and non-alcoholic beverages,per kg,1.5
CP0111302,202502,"Bread, brown or seeded",Food and drink,Bakery,Bread,Bread and cereals,Food,Food and non-alcoholic beverages,per kg,1.65
CP0111303,202502,"Bread rolls, buns, baguettes and other loaves",Food and drink,Bakery,Bread,Bread and cereals,Food,Food and non-alcoholic beverages,per kg,3.5
CP0111303,202502,"Bread rolls, buns, baguettes and other loaves",Food and drink,Bakery,Bread,Bread and cereals,Food,Food and non-alcoholic beverages,per pack,1.9
CP0111304,202502,"Flatbreads, thins and pittas",Food and drink,Bakery,Bread,Bread and cereals,Food,Food and non-alcoholic beverages,per pack of 4,1.5
CP0230101,202502,Cigarettes,Recreation and culture,Tobacco,Cigarettes,Tobacco,Tobacco,Alcoholic beverages and tobacco,per pack of 20,15.0
CP0230201,202502,Cigars,Recreation and culture,Tobacco,Other tobacco products,Tobacco,Tobacco,Alcoholic beverages and tobacco,per pack of 5,10.0
CP0230901,202502,"Tobacco, loose",Recreation and culture,Tobacco,Other tobacco products,Tobacco,Tobacco,Alcoholic beverages and tobacco,per pack,11.5
