ID_NAME,CONSUMPTION_SEGMENT_CODE,2022-01-01,2022-02-01,2022-03-01,2022-04-01,2022-05-01,2022-06-01,2022-07-01,2022-08-01,2022-09-01,2022-10-01,2022-11-01,2022-12-01,2023-01-01,2023-02-01,2023-03-01,2023-04-01,2023-05-01,2023-06-01,2023-07-01,2023-08-01,2023-09-01,2023-10-01,2023-11-01,2023-12-01,2024-01-01,2024-02-01,2024-03-01,2024-04-01,2024-05-01,2024-06-01,2024-07-01,2024-08-01,2024-09-01,2024-10-01,2024-11-01,2024-12-01,2025-01-01,2025-02-01,2025-03-01
Solid gold ring,520130,6.0,7.0,6.0,6.0,4.0,3.0,6.0,9.0,9.0,9.0,6.0,10.0,8.0,5.0,5.0,6.0,13.0,13.0,9.0,6.0,7.0,6.0,9.0,5.0,7.0,9.0,11.0,11.0,8.0,6.0,8.0,12.0,10.0,11.0,9.0,11.0,9.0,9.0,7.0
Men's analogue  watch,520131,-1.0,-2.0,-1.0,-3.0,-4.0,4.0,2.0,1.0,1.0,0.0,1.0,1.0,0.0,-1.0,-2.0,-1.0,4.0,-3.0,-4.0,0.0,0.0,0.0,0.0,1.0,0.0,2.0,3.0,4.0,3.0,1.0,5.0,4.0,3.0,2.0,2.0,3.0,2.0,4.0,2.0
Sterling silver earrings,520137,-1.0,0.0,1.0,4.0,4.0,0.0,2.0,4.0,2.0,2.0,4.0,3.0,7.0,6.0,6.0,0.0,-2.0,4.0,2.0,1.0,2.0,3.0,3.0,5.0,-3.0,-1.0,3.0,2.0,3.0,1.0,2.0,7.0,7.0,4.0,4.0,5.0,8.0,8.0,5.0
Fashion necklace,520140,-1.0,-5.0,-7.0,-6.0,-5.0,-7.0,-4.0,-7.0,-8.0,-9.0,-8.0,-6.0,-6.0,-10.0,-6.0,-8.0,-3.0,1.0,3.0,1.0,-2.0,3.0,3.0,0.0,3.0,11.0,5.0,8.0,1.0,2.0,5.0,9.0,9.0,7.0,6.0,9.0,5.0,4.0,7.0
Men's belt,510439,,,,,,,,,,,,,,,,,,,,,,,,,,,,,,,,,,,,,,,
Adult hat/cap,510434,,,,,,,,,,,,,,,,,,,,,,,,,,,,,,,,,,,,,,,
Ladies' handbag/shoulder bag,520109,3.0,-3.0,-6.0,-9.0,-7.0,-8.0,-11.0,-5.0,-8.0,-5.0,-15.0,-7.0,-8.0,-7.0,-3.0,0.0,2.0,3.0,10.0,0.0,-2.0,0.0,7.0,-1.0,2.0,3.0,3.0,8.0,3.0,6.0,2.0,3.0,6.0,4.0,6.0,4.0,0.0,3.0,1.0
Knitting wool,510429,0.0,-3.0,0.0,18.0,15.0,16.0,16.0,2.0,3.0,2.0,2.0,6.0,7.0,16.0,11.0,-7.0,-6.0,-6.0,-6.0,9.0,8.0,10.0,11.0,7.0,5.0,4.0,5.0,7.0,10.0,8.0,8.0,8.0,7.0,9.0,7.0,9.0,7.0,5.0,4.0
Lady's scarf,510432,-3.0,-6.0,-10.0,-10.0,-13.0,-12.0,-8.0,-8.0,-6.0,-4.0,-8.0,-6.0,-7.0,-9.0,-4.0,-1.0,1.0,3.0,0.0,4.0,-3.0,-7.0,1.0,1.0,5.0,4.0,5.0,7.0,7.0,8.0,4.0,6.0,11.0,11.0,6.0,6.0,10.0,13.0,10.0
School trousers (5-13 yrs.),510324,4.0,1.0,-2.0,-6.0,-1.0,-2.0,-5.0,-5.0,-3.0,-2.0,-4.0,1.0,0.0,2.0,3.0,8.0,3.0,4.0,6.0,5.0,5.0,7.0,11.0,10.0,8.0,7.0,10.0,6.0,6.0,6.0,5.0,7.0,5.0,6.0,5.0,3.0,8.0,9.0,7.0
Boy's jeans (5-13 yrs.),510328,0.0,12.0,6.0,1.0,-1.0,-3.0,-7.0,-1.0,-2.0,-4.0,-11.0,-11.0,-17.0,-16.0,-12.0,-5.0,0.0,8.0,9.0,-2.0,-3.0,4.0,12.0,12.0,14.0,-2.0,2.0,6.0,-2.0,-5.0,3.0,9.0,7.0,7.0,8.0,9.0,14.0,17.0,11.0
Baby grow or sleepsuit (0-2 yrs.),510330,1.0,2.0,-1.0,-1.0,-1.0,2.0,3.0,-2.0,-1.0,0.0,-6.0,-5.0,1.0,2.0,3.0,7.0,7.0,4.0,4.0,6.0,8.0,7.0,11.0,12.0,4.0,5.0,4.0,0.0,-1.0,-1.0,-4.0,-3.0,-2.0,-2.0,0.0,-1.0,0.0,-2.0,-1.0
Girl's skirt for school (5-13 yrs.),510336,3.0,3.0,0.0,-2.0,-7.0,-1.0,-5.0,0.0,0.0,1.0,-3.0,-6.0,-2.0,0.0,1.0,4.0,3.0,-1.0,2.0,1.0,0.0,1.0,1.0,5.0,1.0,-1.0,1.0,1.0,-1.0,2.0,4.0,1.0,6.0,4.0,8.0,5.0,7.0,8.0,7.0
Girl's fashion top (12-13 yrs.),510340,-1.0,-7.0,-13.0,-11.0,-4.0,1.0,0.0,10.0,4.0,-2.0,0.0,-7.0,-6.0,-2.0,-2.0,-1.0,-5.0,-6.0,-9.0,-10.0,-6.0,-1.0,-3.0,3.0,-1.0,-3.0,5.0,-5.0,0.0,1.0,0.0,-2.0,-3.0,-2.0,2.0,0.0,1.0,5.0,-2.0
Girl's trousers non-denim (5-13 yrs.),510344,8.0,6.0,2.0,6.0,6.0,2.0,11.0,11.0,0.0,0.0,-4.0,2.0,1.0,-3.0,0.0,-3.0,0.0,3.0,-2.0,-5.0,4.0,2.0,2.0,-1.0,3.0,4.0,4.0,2.0,2.0,7.0,0.0,-3.0,-2.0,5.0,9.0,6.0,7.0,13.0,14.0
Girl's jacket (5-13 yrs.),510347,4.0,3.0,5.0,1.0,-8.0,-3.0,0.0,-3.0,-14.0,-15.0,-20.0,-17.0,-13.0,-10.0,-10.0,-4.0,0.0,-3.0,-5.0,-6.0,-5.0,1.0,7.0,5.0,1.0,3.0,8.0,2.0,8.0,6.0,7.0,12.0,14.0,10.0,13.0,12.0,9.0,10.0,10.0
Boy's t-shirt (3-13 yrs.),510348,4.0,1.0,3.0,2.0,4.0,1.0,10.0,10.0,10.0,16.0,5.0,9.0,6.0,10.0,12.0,9.0,8.0,4.0,-3.0,5.0,5.0,-2.0,7.0,9.0,7.0,0.0,17.0,14.0,18.0,37.0,47.0,28.0,29.0,26.0,20.0,14.0,12.0,21.0,3.0
Girl's leggings (5-13 yrs.),510349,-4.0,-3.0,-9.0,-10.0,-7.0,-9.0,-3.0,-4.0,-5.0,1.0,-2.0,-2.0,4.0,4.0,15.0,17.0,16.0,22.0,18.0,14.0,12.0,9.0,10.0,10.0,7.0,7.0,5.0,0.0,-4.0,-5.0,-3.0,-1.0,1.0,2.0,2.0,4.0,6.0,8.0,8.0
Boy's jumper/sweatshirt/cardigan,510350,,,,,,,,,,,,,,,,,,,,,,,,,,,,,,,,,,,,,,,
Infant's trousers (0-2 yrs.),510351,,,,,,,,,,,,,,,,,,,,,,,,,,,,,,,,,,,,,,,
Infant's jumper/sweatshirt/cardigan,510352,,,,,,,,,,,,,,,,,,,,,,,,,,,,,,,,,,,,,,,
Child's pyjamas (3-13 yrs.),510436,,,,,,,,,,,,,,,,,,,,,,,,,,,,,,,,,,,,,,,
Child's pants (3-13 yrs.),510437,,,,,,,,,,,,,,,,,,,,,,,,,,,,,,,,,,,,,,,
Child's socks,510438,,,,,,,,,,,,,,,,,,,,,,,,,,,,,,,,,,,,,,,
Infant's dress (0-2 yrs.),510353,,,,,,,,,,,,,,,,,,,,,,,,,,,,,,,,,,,,,,,
Child's sports trainers,510528,-3.0,-3.0,-3.0,-8.0,-9.0,-11.0,-6.0,-5.0,-1.0,2.0,-3.0,-6.0,-4.0,-7.0,-8.0,1.0,8.0,8.0,3.0,2.0,-1.0,-5.0,-1.0,12.0,2.0,5.0,5.0,13.0,7.0,9.0,8.0,10.0,17.0,16.0,8.0,6.0,30.0,32.0,33.0
Men's jacket/coat,510104,5.0,2.0,0.0,-1.0,-6.0,-2.0,13.0,2.0,0.0,1.0,-9.0,-7.0,-10.0,-12.0,-11.0,-5.0,1.0,-1.0,-10.0,-8.0,-9.0,-8.0,-1.0,1.0,2.0,8.0,8.0,5.0,7.0,4.0,3.0,7.0,11.0,12.0,11.0,6.0,13.0,12.0,11.0
Men's jeans,510106,-2.0,-2.0,-4.0,-4.0,-8.0,-3.0,-1.0,-1.0,1.0,-2.0,-6.0,-2.0,-2.0,-9.0,-3.0,0.0,5.0,1.0,1.0,1.0,-2.0,0.0,6.0,4.0,5.0,13.0,9.0,6.0,5.0,6.0,5.0,7.0,9.0,7.0,6.0,5.0,7.0,6.0,4.0
Men's knitted jumper,510108,2.0,1.0,5.0,7.0,2.0,6.0,15.0,-1.0,-3.0,-2.0,-7.0,-7.0,-10.0,-18.0,-19.0,-7.0,-12.0,-13.0,-14.0,-7.0,-9.0,-9.0,-4.0,-2.0,3.0,12.0,10.0,2.0,9.0,10.0,7.0,6.0,7.0,6.0,9.0,9.0,10.0,11.0,12.0
Men's formal long sleeve shirt,510109,0.0,0.0,-2.0,-6.0,-5.0,0.0,-1.0,-2.0,1.0,1.0,-5.0,-2.0,-15.0,-11.0,-9.0,-4.0,-2.0,-6.0,-3.0,-4.0,-10.0,-7.0,0.0,2.0,12.0,11.0,12.0,10.0,7.0,8.0,9.0,12.0,17.0,14.0,13.0,10.0,13.0,12.0,10.0
Men's casual short sleeve top,510113,-4.0,-4.0,0.0,-3.0,-12.0,-3.0,-6.0,1.0,3.0,-2.0,-8.0,-2.0,-7.0,-10.0,-10.0,-4.0,9.0,-1.0,1.0,-4.0,-5.0,1.0,4.0,2.0,6.0,9.0,10.0,4.0,4.0,3.0,3.0,8.0,7.0,10.0,10.0,8.0,10.0,11.0,8.0
Men's formal trousers,510117,3.0,2.0,-1.0,-8.0,-10.0,-7.0,-11.0,2.0,-1.0,0.0,-8.0,-4.0,-12.0,-7.0,-6.0,4.0,8.0,5.0,10.0,-3.0,-3.0,-2.0,5.0,2.0,13.0,9.0,9.0,6.0,5.0,4.0,5.0,8.0,6.0,8.0,9.0,9.0,8.0,9.0,7.0
Men's casual trousers,510118,-1.0,-1.0,-6.0,-8.0,-12.0,-7.0,-4.0,-1.0,-5.0,-4.0,-7.0,-3.0,-15.0,-14.0,-13.0,-5.0,0.0,-5.0,-2.0,-4.0,-2.0,-2.0,2.0,-1.0,13.0,13.0,15.0,9.0,8.0,7.0,5.0,5.0,7.0,7.0,9.0,11.0,10.0,10.0,8.0
Men's jumper or sweatshirt,510120,2.0,0.0,-4.0,-5.0,-7.0,-1.0,6.0,0.0,0.0,1.0,-5.0,1.0,-2.0,-8.0,-1.0,8.0,4.0,3.0,1.0,1.0,-3.0,-2.0,5.0,0.0,5.0,10.0,9.0,7.0,10.0,8.0,6.0,7.0,11.0,10.0,9.0,12.0,9.0,10.0,8.0
Men's branded sports sweatshirt,510128,-1.0,-1.0,-3.0,-4.0,-5.0,-5.0,-10.0,-11.0,-10.0,1.0,1.0,2.0,19.0,15.0,13.0,16.0,16.0,15.0,15.0,17.0,10.0,-4.0,-9.0,-2.0,-11.0,-7.0,29.0,32.0,34.0,34.0,23.0,20.0,37.0,38.0,42.0,43.0,38.0,37.0,0.0
Men's coat,510130,-3.0,-4.0,-10.0,-13.0,-14.0,-11.0,-9.0,-10.0,-10.0,-9.0,-17.0,-7.0,-15.0,-9.0,-9.0,-4.0,-1.0,-3.0,-3.0,-4.0,10.0,9.0,18.0,12.0,24.0,17.0,24.0,23.0,22.0,21.0,20.0,22.0,3.0,1.0,-1.0,-4.0,2.0,8.0,7.0
Men's casual shirt,510131,-2.0,-3.0,-3.0,-8.0,-13.0,-8.0,-7.0,-5.0,-6.0,2.0,-2.0,-1.0,-4.0,-8.0,-7.0,1.0,11.0,5.0,7.0,4.0,3.0,2.0,4.0,4.0,4.0,13.0,13.0,9.0,7.0,7.0,8.0,11.0,13.0,10.0,7.0,6.0,12.0,6.0,5.0
Men's short sleeved t-shirt,510132,0.0,-1.0,0.0,-5.0,-2.0,-1.0,2.0,0.0,-1.0,-1.0,-6.0,-2.0,-3.0,-5.0,-8.0,-3.0,-3.0,-2.0,-5.0,-5.0,-2.0,1.0,5.0,1.0,5.0,3.0,11.0,12.0,11.0,11.0,11.0,12.0,12.0,12.0,11.0,13.0,11.0,18.0,10.0
Men's loungewear bottoms,510133,,,,,,,,,,,,,,,,,,,,,,,,,,,,,,,,,,,,,,,
Men's formal jacket/blazer,510134,,,,,,,,,,,,,,,,,,,,,,,,,,,,,,,,,,,,,,,
Men's socks,510413,0.0,0.0,-1.0,-4.0,-1.0,5.0,3.0,4.0,2.0,2.0,0.0,3.0,0.0,-3.0,-1.0,3.0,1.0,-4.0,-3.0,-3.0,-2.0,-3.0,0.0,-1.0,2.0,6.0,5.0,5.0,3.0,4.0,3.0,4.0,6.0,9.0,8.0,8.0,7.0,5.0,5.0
Men's tie,510419,1.0,2.0,0.0,-4.0,-1.0,-2.0,-4.0,-2.0,-3.0,-6.0,-7.0,-6.0,-6.0,-1.0,1.0,6.0,5.0,4.0,5.0,5.0,6.0,4.0,5.0,10.0,13.0,6.0,6.0,9.0,5.0,6.0,11.0,10.0,14.0,20.0,23.0,16.0,15.0,19.0,18.0
Men's base layer top,510433,-3.0,-3.0,0.0,-6.0,-5.0,-9.0,-7.0,0.0,0.0,8.0,-1.0,-1.0,9.0,9.0,6.0,7.0,4.0,9.0,10.0,10.0,10.0,10.0,19.0,19.0,7.0,7.0,13.0,14.0,13.0,15.0,14.0,10.0,12.0,6.0,4.0,3.0,0.0,0.0,-3.0
Men's formal shoes,510501,1.0,1.0,1.0,-4.0,-6.0,-3.0,-2.0,-2.0,-4.0,-4.0,-7.0,-8.0,-15.0,-14.0,-14.0,-4.0,4.0,1.0,3.0,3.0,3.0,3.0,2.0,5.0,21.0,17.0,15.0,10.0,6.0,8.0,5.0,5.0,6.0,3.0,8.0,6.0,4.0,6.0,7.0
Men's casual shoes,510515,-2.0,0.0,-2.0,-7.0,-4.0,-7.0,-3.0,-3.0,-7.0,-5.0,-5.0,-8.0,-12.0,-15.0,-11.0,-6.0,-4.0,-4.0,-4.0,-6.0,-5.0,-2.0,-3.0,5.0,11.0,16.0,12.0,12.0,9.0,12.0,11.0,6.0,8.0,8.0,9.0,4.0,4.0,6.0,4.0
Men's training shoes,510516,2.0,4.0,1.0,6.0,3.0,-2.0,1.0,0.0,3.0,2.0,-1.0,1.0,2.0,-3.0,3.0,3.0,3.0,8.0,7.0,7.0,5.0,2.0,3.0,4.0,7.0,11.0,6.0,13.0,10.0,12.0,8.0,11.0,7.0,9.0,9.0,9.0,5.0,8.0,10.0
Men's canvas fashion shoe/trainer,510535,1.0,1.0,1.0,-4.0,-1.0,1.0,2.0,3.0,0.0,2.0,-3.0,-4.0,-4.0,-5.0,-3.0,3.0,3.0,2.0,-1.0,1.0,2.0,-2.0,0.0,3.0,0.0,3.0,3.0,4.0,3.0,1.0,1.0,0.0,-1.0,4.0,4.0,4.0,5.0,3.0,-1.0
Men's walking/hiking boot,510534,0.0,2.0,0.0,-2.0,-3.0,-2.0,2.0,3.0,2.0,0.0,2.0,6.0,8.0,8.0,7.0,20.0,11.0,12.0,9.0,10.0,12.0,11.0,7.0,-1.0,2.0,0.0,1.0,-5.0,-2.0,-2.0,-2.0,-2.0,-2.0,1.0,0.0,4.0,2.0,4.0,3.0
Women's blouse/shirt,510206,-1.0,-1.0,-4.0,-2.0,0.0,-6.0,-7.0,-1.0,0.0,1.0,-6.0,-4.0,-7.0,-15.0,-4.0,-4.0,-2.0,9.0,14.0,2.0,3.0,3.0,8.0,15.0,19.0,27.0,24.0,19.0,16.0,12.0,13.0,17.0,10.0,12.0,11.0,2.0,2.0,7.0,0.0
Women's formal jacket,510208,3.0,4.0,1.0,-3.0,-17.0,-9.0,-8.0,-11.0,-7.0,-2.0,-7.0,-7.0,-12.0,-17.0,-14.0,-10.0,17.0,6.0,8.0,0.0,3.0,-1.0,4.0,16.0,19.0,24.0,28.0,23.0,19.0,17.0,16.0,22.0,11.0,10.0,12.0,9.0,4.0,11.0,3.0
Women's jumper,510212,0.0,1.0,1.0,-4.0,-8.0,0.0,14.0,-3.0,-1.0,3.0,-8.0,-3.0,-1.0,-9.0,-5.0,0.0,17.0,12.0,6.0,2.0,-3.0,-8.0,2.0,-3.0,3.0,13.0,16.0,17.0,6.0,3.0,3.0,11.0,12.0,15.0,15.0,12.0,11.0,18.0,13.0
Women's basic plain t-shirt,510215,-4.0,0.0,-5.0,-7.0,5.0,4.0,6.0,4.0,-1.0,4.0,4.0,9.0,10.0,1.0,3.0,10.0,3.0,6.0,8.0,11.0,12.0,10.0,5.0,10.0,4.0,10.0,10.0,11.0,10.0,7.0,5.0,4.0,7.0,9.0,11.0,3.0,5.0,8.0,5.0
Women's casual outer jacket,510219,-4.0,-1.0,-5.0,-14.0,-8.0,-11.0,-1.0,-5.0,-6.0,-2.0,-6.0,-3.0,-11.0,-13.0,-9.0,6.0,9.0,20.0,11.0,3.0,2.0,-1.0,5.0,9.0,18.0,18.0,16.0,9.0,1.0,0.0,0.0,12.0,11.0,10.0,8.0,6.0,5.0,8.0,7.0
Women's long sleeve top,510223,-4.0,-1.0,-5.0,-1.0,-11.0,-11.0,-9.0,-11.0,-11.0,-2.0,-4.0,-3.0,-4.0,-16.0,-11.0,-17.0,-1.0,0.0,5.0,-4.0,-9.0,-12.0,-8.0,-7.0,-1.0,11.0,7.0,6.0,0.0,-4.0,-7.0,-3.0,2.0,3.0,4.0,4.0,2.0,3.0,2.0
Women's cardigan,510233,2.0,0.0,0.0,1.0,4.0,0.0,6.0,-7.0,-2.0,-3.0,-4.0,-3.0,-7.0,-8.0,-5.0,-3.0,-3.0,8.0,1.0,6.0,2.0,6.0,6.0,8.0,15.0,17.0,16.0,16.0,16.0,10.0,9.0,15.0,9.0,5.0,7.0,15.0,9.0,12.0,9.0
Women's casual trousers,510235,-5.0,-2.0,-1.0,2.0,-5.0,2.0,-1.0,5.0,1.0,-1.0,-3.0,-5.0,-1.0,-9.0,-5.0,-8.0,-2.0,-9.0,-5.0,-10.0,-12.0,-12.0,-7.0,-2.0,0.0,8.0,2.0,0.0,-1.0,-2.0,5.0,1.0,6.0,4.0,0.0,1.0,2.0,4.0,5.0
Women's formal trousers,510236,6.0,9.0,-1.0,-1.0,2.0,-4.0,7.0,2.0,-1.0,1.0,1.0,3.0,-9.0,-19.0,-14.0,-8.0,-11.0,0.0,-9.0,-1.0,-1.0,-4.0,-4.0,-1.0,11.0,17.0,19.0,11.0,11.0,11.0,9.0,6.0,9.0,12.0,15.0,14.0,8.0,11.0,6.0
Women's casual skirt,510237,-3.0,-5.0,-6.0,-6.0,-10.0,-7.0,-3.0,-2.0,-9.0,-3.0,-9.0,-6.0,-14.0,-22.0,-19.0,-9.0,4.0,3.0,0.0,-6.0,-5.0,-8.0,4.0,1.0,3.0,10.0,11.0,11.0,4.0,2.0,5.0,5.0,11.0,5.0,0.0,6.0,6.0,11.0,5.0
Women's dress,510245,6.0,2.0,-1.0,-12.0,-10.0,-6.0,-3.0,-5.0,-6.0,-3.0,-14.0,-14.0,-14.0,-23.0,-23.0,-8.0,2.0,-1.0,-2.0,-2.0,-2.0,-4.0,8.0,8.0,7.0,24.0,26.0,22.0,9.0,5.0,8.0,8.0,12.0,10.0,3.0,3.0,4.0,9.0,6.0
Women's non-branded jeans,510248,13.0,6.0,0.0,0.0,1.0,3.0,7.0,4.0,1.0,3.0,1.0,3.0,-8.0,-17.0,-6.0,-2.0,-2.0,3.0,3.0,3.0,2.0,-2.0,2.0,4.0,14.0,28.0,20.0,20.0,17.0,10.0,11.0,12.0,12.0,15.0,10.0,8.0,12.0,8.0,5.0
Women's coat,510250,3.0,8.0,0.0,-3.0,-1.0,0.0,2.0,-1.0,-3.0,-3.0,-10.0,-6.0,-5.0,-7.0,-4.0,4.0,6.0,7.0,7.0,6.0,-1.0,-1.0,5.0,10.0,6.0,8.0,10.0,6.0,3.0,1.0,2.0,4.0,0.0,0.0,-4.0,-9.0,-2.0,4.0,4.0
Women's casual blouse/shirt,510257,-1.0,1.0,-5.0,-8.0,-19.0,-8.0,-2.0,-4.0,-7.0,-7.0,-14.0,-5.0,-8.0,-16.0,-8.0,-4.0,15.0,5.0,2.0,0.0,6.0,6.0,17.0,9.0,18.0,23.0,25.0,25.0,21.0,15.0,14.0,15.0,8.0,9.0,8.0,5.0,-4.0,3.0,-2.0
Women's full length leggings,510258,1.0,0.0,4.0,3.0,0.0,2.0,0.0,2.0,0.0,3.0,-2.0,3.0,5.0,4.0,2.0,2.0,3.0,3.0,4.0,4.0,1.0,-2.0,2.0,0.0,-3.0,1.0,-3.0,-1.0,3.0,2.0,5.0,8.0,11.0,12.0,12.0,14.0,12.0,14.0,16.0
Women's short-sleeve/sleeveless formal top,510259,-2.0,3.0,10.0,0.0,5.0,6.0,0.0,-11.0,-12.0,-2.0,-14.0,-17.0,-11.0,-20.0,-23.0,-12.0,-18.0,-8.0,0.0,4.0,-5.0,-11.0,4.0,4.0,-1.0,8.0,15.0,9.0,13.0,5.0,2.0,2.0,13.0,10.0,6.0,9.0,8.0,7.0,-4.0
Women's nightdress/pyjamas,510405,1.0,-6.0,-4.0,-4.0,-4.0,-5.0,11.0,7.0,4.0,4.0,0.0,-2.0,-2.0,-2.0,6.0,1.0,3.0,4.0,-5.0,-2.0,-1.0,2.0,5.0,6.0,5.0,8.0,1.0,8.0,6.0,5.0,5.0,5.0,8.0,5.0,5.0,5.0,3.0,6.0,7.0
Women's pants,510406,2.0,3.0,4.0,3.0,3.0,1.0,5.0,5.0,2.0,3.0,4.0,2.0,6.0,4.0,3.0,3.0,3.0,5.0,1.0,1.0,2.0,3.0,2.0,2.0,2.0,3.0,5.0,5.0,4.0,4.0,5.0,6.0,7.0,5.0,6.0,8.0,5.0,8.0,6.0
Bra,510407,1.0,0.0,0.0,4.0,-2.0,6.0,10.0,7.0,6.0,7.0,2.0,3.0,2.0,3.0,3.0,1.0,4.0,-1.0,-2.0,-2.0,-3.0,-1.0,3.0,1.0,4.0,4.0,5.0,4.0,5.0,3.0,2.0,3.0,5.0,5.0,2.0,3.0,2.0,5.0,6.0
Women's sandals,510506,-4.0,-3.0,-4.0,-11.0,-11.0,-11.0,-5.0,-2.0,-5.0,-3.0,-5.0,-4.0,-7.0,-12.0,-8.0,0.0,2.0,1.0,-1.0,-4.0,-4.0,1.0,-3.0,-3.0,7.0,10.0,9.0,6.0,6.0,5.0,6.0,4.0,12.0,2.0,7.0,4.0,-1.0,-2.0,-6.0
Women's boots,510529,-9.0,-8.0,-4.0,-4.0,4.0,3.0,6.0,-3.0,-2.0,-4.0,-7.0,-6.0,-9.0,-10.0,-12.0,-10.0,-15.0,-12.0,-16.0,-13.0,-14.0,-16.0,-9.0,-8.0,3.0,-1.0,-1.0,-3.0,3.0,3.0,8.0,7.0,6.0,7.0,3.0,-2.0,-1.0,8.0,8.0
Women's flat shoes,510530,1.0,3.0,1.0,-3.0,-3.0,-2.0,1.0,0.0,1.0,0.0,-2.0,-2.0,-5.0,-8.0,-3.0,2.0,5.0,8.0,2.0,0.0,0.0,1.0,3.0,2.0,6.0,9.0,4.0,3.0,0.0,-4.0,-3.0,-1.0,1.0,1.0,2.0,0.0,2.0,3.0,2.0
Draught bitter,310102,2.0,2.0,2.0,1.0,1.0,1.0,4.0,2.0,2.0,1.0,1.0,0.0,0.0,0.0,0.0,1.0,2.0,2.0,-1.0,1.0,1.0,3.0,2.0,2.0,2.0,2.0,4.0,5.0,4.0,4.0,4.0,5.0,3.0,2.0,6.0,6.0,4.0,8.0,
Draught lager (3.4-4.2%),310109,2.0,2.0,2.0,1.0,1.0,1.0,3.0,2.0,2.0,2.0,2.0,2.0,2.0,2.0,2.0,3.0,4.0,4.0,2.0,2.0,2.0,4.0,5.0,4.0,4.0,4.0,6.0,6.0,6.0,6.0,5.0,6.0,6.0,5.0,6.0,6.0,4.0,8.0,
Draught premium lager (4.3-7.5%),310110,2.0,2.0,1.0,0.0,0.0,0.0,1.0,1.0,1.0,1.0,0.0,-1.0,-1.0,-1.0,-1.0,0.0,1.0,2.0,0.0,1.0,1.0,2.0,3.0,4.0,5.0,5.0,6.0,7.0,6.0,6.0,6.0,7.0,7.0,6.0,8.0,8.0,8.0,10.0,
Bottled premium lager (4.3-7.5%),310111,2.0,1.0,2.0,1.0,1.0,1.0,2.0,3.0,3.0,3.0,2.0,3.0,2.0,3.0,2.0,3.0,5.0,5.0,3.0,3.0,3.0,4.0,3.0,4.0,4.0,4.0,5.0,6.0,5.0,5.0,6.0,6.0,6.0,5.0,8.0,8.0,8.0,10.0,
Cider (4.5-5.5%),310114,2.0,2.0,2.0,1.0,1.0,1.0,3.0,3.0,3.0,3.0,2.0,2.0,2.0,2.0,2.0,3.0,4.0,3.0,1.0,1.0,1.0,2.0,3.0,3.0,2.0,3.0,4.0,5.0,4.0,4.0,5.0,5.0,6.0,4.0,5.0,5.0,4.0,7.0,
Whiskey,310301,3.0,3.0,3.0,2.0,2.0,2.0,4.0,4.0,1.0,0.0,0.0,-1.0,-1.0,-1.0,-1.0,0.0,-1.0,0.0,0.0,1.0,4.0,6.0,-12.0,-12.0,-13.0,-12.0,-5.0,-4.0,-3.0,-3.0,-5.0,-6.0,-11.0,-12.0,13.0,15.0,9.0,17.0,
Vodka,310302,3.0,3.0,3.0,2.0,2.0,2.0,4.0,4.0,0.0,-1.0,-1.0,-3.0,-3.0,-3.0,-4.0,-3.0,-2.0,-2.0,0.0,0.0,4.0,6.0,7.0,10.0,10.0,11.0,12.0,13.0,13.0,13.0,9.0,10.0,9.0,9.0,9.0,9.0,9.0,10.0,
Bottle of mixer,310306,2.0,2.0,2.0,1.0,1.0,1.0,3.0,-11.0,1.0,2.0,2.0,2.0,2.0,2.0,2.0,3.0,4.0,5.0,4.0,18.0,4.0,1.0,2.0,2.0,2.0,2.0,2.0,3.0,1.0,1.0,0.0,1.0,1.0,3.0,3.0,3.0,3.0,5.0,
Liqueur,310307,3.0,3.0,3.0,2.0,2.0,2.0,4.0,3.0,-2.0,-3.0,-3.0,-7.0,-7.0,-7.0,-7.0,-7.0,-6.0,-6.0,-3.0,-1.0,4.0,7.0,7.0,12.0,13.0,14.0,15.0,17.0,16.0,16.0,11.0,11.0,10.0,9.0,11.0,10.0,10.0,11.0,
Bottle of wine,310315,2.0,2.0,2.0,1.0,1.0,1.0,2.0,1.0,3.0,2.0,2.0,9.0,9.0,9.0,9.0,10.0,12.0,12.0,11.0,12.0,11.0,11.0,11.0,5.0,5.0,5.0,5.0,5.0,4.0,4.0,4.0,5.0,6.0,6.0,6.0,6.0,7.0,7.0,
Gin,310316,,,,,,,,,,,,,,,,,,,,,,,,,,,,,,,,,,,,,,,
Takeaway fish and chips,220301,5.0,5.0,5.0,3.0,2.0,4.0,5.0,5.0,4.0,5.0,5.0,5.0,4.0,4.0,4.0,5.0,6.0,4.0,3.0,4.0,4.0,5.0,5.0,6.0,7.0,8.0,9.0,13.0,17.0,18.0,19.0,20.0,20.0,20.0,19.0,19.0,19.0,19.0,
Takeaway cold sandwich,220303,4.0,5.0,6.0,7.0,6.0,6.0,6.0,5.0,5.0,6.0,5.0,4.0,3.0,2.0,2.0,1.0,1.0,1.0,1.0,1.0,1.0,1.0,1.0,2.0,4.0,5.0,5.0,6.0,6.0,9.0,10.0,11.0,12.0,13.0,12.0,11.0,10.0,11.0,
Takeaway or delivery pizza,220316,1.0,2.0,2.0,10.0,9.0,9.0,10.0,4.0,3.0,4.0,5.0,5.0,6.0,6.0,6.0,-1.0,-1.0,-2.0,-2.0,3.0,4.0,4.0,1.0,2.0,0.0,0.0,-1.0,1.0,2.0,4.0,6.0,6.0,6.0,8.0,9.0,9.0,10.0,11.0,
"Indian takeaway, main-course",220318,3.0,3.0,3.0,6.0,6.0,5.0,5.0,2.0,3.0,3.0,3.0,3.0,4.0,4.0,4.0,1.0,0.0,1.0,1.0,4.0,3.0,3.0,4.0,3.0,3.0,3.0,4.0,4.0,7.0,8.0,8.0,8.0,9.0,9.0,8.0,9.0,9.0,9.0,
"Chinese takeaway, main-course",220319,3.0,4.0,4.0,5.0,3.0,4.0,4.0,4.0,4.0,3.0,5.0,5.0,4.0,3.0,3.0,2.0,2.0,2.0,2.0,3.0,3.0,4.0,2.0,3.0,4.0,5.0,5.0,7.0,8.0,8.0,9.0,10.0,10.0,10.0,11.0,11.0,10.0,10.0,
Takeaway soft drink,220320,4.0,5.0,5.0,5.0,4.0,7.0,6.0,4.0,4.0,4.0,3.0,5.0,3.0,2.0,1.0,-1.0,-1.0,-3.0,-3.0,0.0,1.0,0.0,0.0,2.0,2.0,4.0,4.0,6.0,8.0,8.0,9.0,9.0,10.0,12.0,13.0,11.0,11.0,9.0,
Takeaway kebab,220323,4.0,4.0,4.0,6.0,5.0,5.0,5.0,4.0,5.0,5.0,5.0,6.0,6.0,7.0,6.0,5.0,4.0,5.0,4.0,5.0,4.0,4.0,4.0,5.0,5.0,5.0,6.0,8.0,11.0,12.0,12.0,13.0,13.0,13.0,14.0,13.0,13.0,14.0,
Takeaway chicken & chips,220326,5.0,5.0,5.0,5.0,6.0,7.0,7.0,3.0,3.0,3.0,4.0,4.0,4.0,5.0,5.0,3.0,1.0,0.0,0.0,4.0,4.0,5.0,3.0,3.0,4.0,4.0,5.0,7.0,11.0,12.0,13.0,13.0,13.0,14.0,15.0,16.0,16.0,17.0,
Takeaway cooked pastry,220327,4.0,3.0,3.0,3.0,2.0,4.0,5.0,2.0,2.0,2.0,1.0,1.0,2.0,2.0,1.0,1.0,3.0,1.0,1.0,2.0,1.0,2.0,3.0,3.0,5.0,5.0,6.0,7.0,7.0,9.0,8.0,10.0,10.0,13.0,14.0,14.0,14.0,15.0,
Takeaway or eat in burger,220328,,,,,,,,,,,,,,,,,,,,,,,,,,,,,,,,,,,,,,,
Pub hot meal,220107,3.0,3.0,4.0,5.0,5.0,2.0,2.0,-15.0,0.0,1.0,1.0,2.0,1.0,1.0,1.0,-1.0,-1.0,2.0,0.0,20.0,2.0,3.0,3.0,2.0,2.0,2.0,3.0,6.0,7.0,7.0,10.0,12.0,11.0,10.0,11.0,11.0,11.0,13.0,
Lemonade/Cola on tap,220116,2.0,3.0,2.0,2.0,2.0,1.0,3.0,-14.0,-3.0,-2.0,-3.0,0.0,0.0,-1.0,-1.0,0.0,-1.0,-1.0,-1.0,17.0,4.0,4.0,5.0,3.0,3.0,4.0,4.0,6.0,7.0,7.0,7.0,7.0,7.0,6.0,7.0,7.0,-2.0,6.0,
Bottled mineral water,220117,2.0,2.0,2.0,1.0,2.0,1.0,1.0,-17.0,-7.0,-5.0,-5.0,-5.0,-5.0,-6.0,-6.0,-5.0,-5.0,-5.0,-5.0,16.0,3.0,3.0,3.0,4.0,5.0,5.0,5.0,6.0,6.0,7.0,7.0,9.0,8.0,7.0,9.0,9.0,8.0,10.0,
In store cafeteria meal,220120,3.0,3.0,3.0,2.0,2.0,3.0,4.0,-14.0,-2.0,-1.0,-3.0,1.0,1.0,1.0,1.0,2.0,2.0,9.0,8.0,31.0,13.0,14.0,14.0,11.0,12.0,11.0,12.0,14.0,17.0,10.0,11.0,13.0,13.0,13.0,12.0,12.0,11.0,11.0,
Restaurant cup of coffee,220121,3.0,4.0,3.0,3.0,2.0,2.0,3.0,-13.0,1.0,1.0,-1.0,0.0,-1.0,-1.0,-1.0,0.0,1.0,4.0,3.0,22.0,6.0,6.0,7.0,7.0,6.0,7.0,7.0,9.0,8.0,6.0,6.0,8.0,7.0,8.0,7.0,8.0,10.0,10.0,
Restaurant sweet course,220122,2.0,3.0,2.0,4.0,4.0,1.0,0.0,-14.0,-2.0,-2.0,-2.0,-1.0,-1.0,-1.0,-1.0,-3.0,1.0,4.0,4.0,20.0,5.0,7.0,8.0,7.0,7.0,7.0,7.0,10.0,6.0,7.0,8.0,9.0,9.0,8.0,8.0,8.0,8.0,10.0,
Muffin/individual cake,220124,2.0,3.0,3.0,2.0,4.0,1.0,2.0,-11.0,-2.0,-1.0,-2.0,0.0,0.0,-1.0,0.0,0.0,1.0,4.0,2.0,18.0,6.0,7.0,8.0,7.0,8.0,8.0,10.0,11.0,9.0,9.0,10.0,12.0,13.0,13.0,13.0,13.0,13.0,14.0,
Fruit juice,220125,2.0,2.0,2.0,1.0,1.0,1.0,2.0,-15.0,-4.0,-2.0,-3.0,-2.0,-2.0,-2.0,-2.0,-1.0,-1.0,-1.0,-2.0,17.0,4.0,4.0,4.0,4.0,4.0,4.0,4.0,5.0,5.0,5.0,5.0,6.0,6.0,5.0,6.0,6.0,6.0,8.0,
Restaurant main course,220128,2.0,3.0,2.0,4.0,4.0,1.0,2.0,-12.0,0.0,0.0,-1.0,1.0,1.0,1.0,1.0,-1.0,3.0,5.0,4.0,22.0,7.0,8.0,9.0,7.0,7.0,8.0,8.0,10.0,8.0,8.0,9.0,9.0,11.0,10.0,10.0,11.0,12.0,11.0,
Crisps (eating out),220310,2.0,2.0,2.0,2.0,2.0,2.0,2.0,-12.0,0.0,1.0,1.0,1.0,1.0,1.0,1.0,2.0,3.0,3.0,2.0,18.0,3.0,2.0,3.0,3.0,4.0,4.0,4.0,4.0,4.0,3.0,3.0,3.0,3.0,4.0,6.0,7.0,7.0,7.0,
Primary school meal (fixed charges),220209,2.0,2.0,2.0,0.0,0.0,0.0,2.0,2.0,1.0,1.0,1.0,1.0,0.0,0.0,1.0,2.0,2.0,2.0,1.0,1.0,1.0,1.0,1.0,1.0,2.0,2.0,2.0,2.0,2.0,2.0,2.0,2.0,2.0,2.0,2.0,2.0,3.0,3.0,
Secondary school (cafeteria),220210,2.0,2.0,2.0,1.0,0.0,0.0,2.0,2.0,1.0,1.0,1.0,1.0,0.0,0.0,1.0,2.0,2.0,1.0,0.0,0.0,2.0,2.0,2.0,2.0,1.0,1.0,1.0,1.0,2.0,2.0,2.0,2.0,3.0,3.0,3.0,3.0,4.0,4.0,
Spectacle frames with lens,520138,0.0,0.0,0.0,-1.0,0.0,0.0,1.0,1.0,0.0,0.0,0.0,1.0,1.0,0.0,0.0,1.0,1.0,0.0,-1.0,0.0,0.0,-1.0,0.0,-1.0,-1.0,0.0,-1.0,0.0,-1.0,-1.0,-1.0,1.0,1.0,2.0,2.0,2.0,3.0,3.0,3.0
Daily disposable soft lenses,520139,0.0,1.0,1.0,-5.0,-14.0,-4.0,-4.0,-1.0,0.0,0.0,-2.0,-2.0,-2.0,-3.0,-4.0,2.0,15.0,4.0,4.0,1.0,0.0,0.0,1.0,2.0,2.0,3.0,4.0,3.0,2.0,0.0,1.0,1.0,1.0,2.0,1.0,2.0,2.0,2.0,2.0
Sunscreen,520235,-1.0,10.0,2.0,1.0,6.0,5.0,2.0,5.0,3.0,-2.0,-3.0,-4.0,-3.0,-5.0,1.0,3.0,1.0,1.0,2.0,0.0,1.0,-4.0,-2.0,-2.0,-7.0,-6.0,-3.0,-2.0,-9.0,-8.0,-9.0,-2.0,-1.0,4.0,2.0,2.0,7.0,8.0,8.0
Cold/flu drink powder sachets,520242,2.0,3.0,5.0,6.0,5.0,6.0,6.0,5.0,5.0,5.0,7.0,4.0,4.0,0.0,0.0,0.0,3.0,2.0,2.0,3.0,4.0,3.0,-1.0,3.0,2.0,3.0,2.0,2.0,-1.0,-1.0,0.0,2.0,6.0,7.0,8.0,12.0,20.0,20.0,19.0
Cough syrup,520251,0.0,4.0,4.0,1.0,1.0,6.0,5.0,1.0,0.0,2.0,2.0,-3.0,1.0,-3.0,-5.0,-1.0,-2.0,-5.0,-4.0,-2.0,-3.0,-2.0,-4.0,4.0,4.0,4.0,3.0,2.0,4.0,3.0,4.0,6.0,9.0,5.0,9.0,10.0,10.0,16.0,13.0
Tissues,520213,4.0,3.0,4.0,4.0,5.0,3.0,6.0,3.0,5.0,3.0,3.0,-7.0,-1.0,-1.0,-3.0,-2.0,-4.0,-4.0,-6.0,-4.0,-6.0,-6.0,-6.0,-5.0,-3.0,-2.0,1.0,2.0,4.0,6.0,9.0,13.0,15.0,15.0,19.0,20.0,22.0,20.0,18.0
Deodorant/anti perspirant,520216,-6.0,2.0,1.0,4.0,1.0,0.0,3.0,-5.0,-15.0,-11.0,-12.0,0.0,-8.0,-10.0,-12.0,-14.0,-13.0,-8.0,-14.0,-5.0,-2.0,0.0,3.0,-2.0,2.0,0.0,8.0,5.0,7.0,4.0,12.0,6.0,13.0,11.0,5.0,10.0,6.0,7.0,4.0
Mascara,520223,5.0,4.0,4.0,1.0,6.0,4.0,8.0,4.0,6.0,6.0,4.0,5.0,5.0,6.0,4.0,7.0,2.0,4.0,5.0,3.0,3.0,2.0,3.0,1.0,-13.0,-14.0,-13.0,5.0,6.0,8.0,6.0,8.0,10.0,11.0,11.0,14.0,30.0,33.0,32.0
Shampoo,520226,2.0,-4.0,5.0,3.0,3.0,0.0,-4.0,-4.0,-8.0,-3.0,-1.0,3.0,-2.0,0.0,-2.0,-10.0,-5.0,-2.0,4.0,0.0,1.0,4.0,-3.0,13.0,1.0,5.0,5.0,7.0,-1.0,7.0,1.0,6.0,14.0,7.0,8.0,7.0,13.0,10.0,6.0
Women's permanent hair colourant,520236,2.0,-1.0,1.0,2.0,4.0,3.0,3.0,3.0,2.0,3.0,1.0,1.0,0.0,2.0,0.0,0.0,-1.0,-1.0,0.0,-2.0,-1.0,1.0,2.0,-1.0,0.0,4.0,4.0,4.0,4.0,5.0,6.0,7.0,5.0,6.0,5.0,7.0,9.0,4.0,4.0
Hair gel,520237,1.0,1.0,3.0,1.0,0.0,1.0,-2.0,0.0,2.0,0.0,5.0,2.0,1.0,0.0,0.0,2.0,0.0,0.0,1.0,1.0,-1.0,2.0,-2.0,0.0,0.0,0.0,3.0,3.0,3.0,6.0,6.0,4.0,8.0,6.0,7.0,10.0,12.0,9.0,9.0
Razor cartridge blades,520241,1.0,0.0,0.0,2.0,1.0,1.0,2.0,0.0,1.0,1.0,0.0,0.0,2.0,3.0,5.0,5.0,5.0,6.0,3.0,3.0,2.0,4.0,4.0,4.0,2.0,2.0,1.0,-1.0,-1.0,1.0,1.0,2.0,3.0,0.0,1.0,1.0,1.0,2.0,1.0
Liquid foundation,520243,4.0,6.0,5.0,3.0,7.0,6.0,3.0,5.0,7.0,6.0,4.0,2.0,2.0,1.0,1.0,3.0,1.0,2.0,3.0,1.0,1.0,-1.0,1.0,0.0,1.0,0.0,-1.0,3.0,0.0,1.0,2.0,2.0,2.0,0.0,0.0,3.0,2.0,2.0,3.0
Liquid soap,520247,2.0,-2.0,4.0,2.0,4.0,4.0,15.0,6.0,5.0,6.0,3.0,-5.0,-8.0,-4.0,-7.0,-10.0,-9.0,-8.0,-15.0,-14.0,-9.0,-14.0,-9.0,-1.0,1.0,-9.0,0.0,3.0,-1.0,1.0,-2.0,2.0,0.0,9.0,6.0,13.0,8.0,20.0,13.0
Nail varnish,520250,9.0,11.0,10.0,8.0,12.0,12.0,7.0,8.0,11.0,4.0,2.0,1.0,1.0,-2.0,-1.0,4.0,0.0,-1.0,2.0,-1.0,0.0,2.0,-1.0,0.0,-1.0,0.0,2.0,-1.0,3.0,6.0,6.0,7.0,6.0,6.0,9.0,8.0,8.0,10.0,8.0
Mouthwash,520255,,,,,,,,,,,,,,,,,,,,,,,,,,,,,,,,,,,,,,,
Double duvet,430211,0.0,1.0,-1.0,1.0,4.0,2.0,5.0,3.0,2.0,2.0,2.0,-2.0,4.0,3.0,3.0,3.0,-2.0,0.0,2.0,4.0,5.0,8.0,5.0,9.0,8.0,7.0,7.0,4.0,7.0,11.0,7.0,5.0,5.0,5.0,8.0,8.0,5.0,7.0,7.0
Duvet cover,430216,0.0,-3.0,-5.0,-5.0,0.0,-2.0,2.0,-1.0,-6.0,0.0,-3.0,-5.0,-3.0,-3.0,-1.0,3.0,-3.0,-1.0,-3.0,-3.0,-1.0,2.0,1.0,3.0,2.0,5.0,5.0,6.0,7.0,6.0,9.0,8.0,8.0,7.0,8.0,9.0,8.0,5.0,5.0
Fitted bed sheet,430224,-2.0,0.0,-2.0,-9.0,-8.0,-7.0,-3.0,0.0,-5.0,-2.0,-2.0,-5.0,3.0,2.0,1.0,10.0,5.0,5.0,2.0,0.0,5.0,6.0,3.0,6.0,1.0,4.0,6.0,6.0,7.0,6.0,9.0,8.0,6.0,6.0,7.0,7.0,7.0,5.0,4.0
Tufted carpet (synthetic),430233,2.0,2.0,2.0,4.0,5.0,2.0,1.0,1.0,2.0,2.0,4.0,5.0,5.0,11.0,10.0,3.0,8.0,13.0,15.0,14.0,15.0,13.0,13.0,12.0,17.0,14.0,8.0,16.0,9.0,12.0,7.0,12.0,8.0,10.0,10.0,12.0,12.0,13.0,18.0
Tufted carpet (wool),430234,3.0,3.0,1.0,1.0,3.0,5.0,1.0,5.0,0.0,2.0,0.0,2.0,5.0,7.0,8.0,6.0,5.0,5.0,8.0,8.0,11.0,8.0,8.0,7.0,4.0,6.0,6.0,9.0,7.0,9.0,8.0,7.0,7.0,8.0,11.0,9.0,15.0,13.0,11.0
Rug,430235,0.0,0.0,-1.0,1.0,3.0,2.0,2.0,0.0,0.0,2.0,-1.0,3.0,1.0,1.0,0.0,2.0,-2.0,0.0,0.0,2.0,1.0,1.0,3.0,1.0,0.0,1.0,2.0,-1.0,3.0,0.0,0.0,1.0,2.0,4.0,4.0,7.0,10.0,8.0,7.0
Luxury vinyl tile,430237,,,,,,,,,,,,,,,,,,,,,,,,,,,,,,,,,,,,,,,
Dinner plate,430425,,,,,,,,,,,,,,,,,,,,,,,,,,,,,,,,,,,,,,,
Plain glass tumbler,430422,-6.0,-6.0,-6.0,-10.0,-11.0,-11.0,-6.0,-4.0,-4.0,-4.0,-2.0,-4.0,-2.0,-1.0,-1.0,2.0,2.0,1.0,0.0,-1.0,0.0,1.0,1.0,3.0,8.0,10.0,10.0,11.0,10.0,12.0,13.0,11.0,14.0,16.0,13.0,13.0,10.0,12.0,11.0
Flower vase,520118,-6.0,-5.0,-6.0,-9.0,-7.0,-5.0,-5.0,-5.0,-4.0,-4.0,-7.0,-7.0,-3.0,-6.0,-2.0,1.0,-1.0,-3.0,0.0,3.0,1.0,7.0,12.0,13.0,14.0,13.0,14.0,14.0,16.0,15.0,13.0,11.0,10.0,9.0,7.0,0.0,-6.0,-5.0,-8.0
Household cleaner liquid,430509,-1.0,3.0,-2.0,-1.0,7.0,1.0,1.0,6.0,-1.0,7.0,3.0,-1.0,-6.0,-4.0,-8.0,-6.0,-9.0,-6.0,-10.0,-6.0,-9.0,-13.0,-4.0,-1.0,1.0,-1.0,4.0,14.0,15.0,9.0,16.0,15.0,26.0,30.0,25.0,29.0,21.0,25.0,24.0
Bleach,430529,6.0,7.0,2.0,0.0,-1.0,-1.0,-1.0,0.0,-3.0,-3.0,-4.0,-5.0,-6.0,-9.0,-5.0,-4.0,-3.0,-3.0,-3.0,-3.0,1.0,0.0,2.0,5.0,5.0,7.0,8.0,9.0,7.0,7.0,9.0,10.0,11.0,18.0,19.0,16.0,17.0,14.0,13.0
Kitchen roll,430533,2.0,6.0,1.0,7.0,8.0,2.0,-5.0,3.0,0.0,1.0,1.0,4.0,5.0,6.0,6.0,1.0,1.0,6.0,13.0,11.0,10.0,3.0,7.0,4.0,3.0,0.0,5.0,7.0,17.0,18.0,21.0,19.0,23.0,29.0,31.0,33.0,30.0,36.0,31.0
Washing detergent,430540,,,,,,,,,,,,,,,,,,,,,,,,,,,,,,,,,,,,,,,
Antibacterial surface wipes,430542,,,,,,,,,,,,,,,,,,,,,,,,,,,,,,,,,,,,,,,
Bin liners for kitchen use,430543,,,,,,,,,,,,,,,,,,,,,,,,,,,,,,,,,,,,,,,
Washing up liquid,430507,1.0,1.0,-1.0,-3.0,-1.0,-3.0,-2.0,-1.0,-3.0,-6.0,-6.0,-11.0,-9.0,-11.0,-8.0,-6.0,-9.0,-8.0,-7.0,-7.0,-3.0,-4.0,-4.0,2.0,6.0,7.0,7.0,8.0,13.0,13.0,14.0,19.0,18.0,20.0,19.0,16.0,13.0,12.0,9.0
Fabric conditioner,430531,4.0,-3.0,-4.0,-4.0,-3.0,-4.0,-8.0,-2.0,-4.0,2.0,4.0,-1.0,1.0,1.0,8.0,10.0,5.0,10.0,9.0,3.0,9.0,7.0,-2.0,7.0,2.0,8.0,0.0,4.0,3.0,3.0,14.0,10.0,7.0,5.0,8.0,8.0,3.0,5.0,7.0
Gas cooker,430414,-11.0,-12.0,-10.0,-11.0,-12.0,-11.0,-13.0,-11.0,-12.0,-9.0,-8.0,-7.0,0.0,0.0,2.0,3.0,2.0,4.0,5.0,4.0,5.0,6.0,5.0,6.0,9.0,10.0,10.0,7.0,10.0,7.0,8.0,14.0,11.0,14.0,9.0,12.0,8.0,11.0,10.0
Electric cooker,430304,2.0,4.0,1.0,3.0,0.0,3.0,4.0,2.0,1.0,0.0,3.0,1.0,3.0,-2.0,0.0,3.0,5.0,2.0,1.0,3.0,2.0,6.0,4.0,5.0,6.0,14.0,10.0,5.0,9.0,9.0,9.0,10.0,11.0,12.0,10.0,10.0,8.0,8.0,10.0
Small milk pan,430407,1.0,-1.0,-5.0,-2.0,-5.0,-9.0,-2.0,1.0,-2.0,-3.0,-3.0,-4.0,-4.0,-9.0,-4.0,-1.0,-5.0,0.0,-1.0,-3.0,-3.0,7.0,9.0,6.0,21.0,22.0,21.0,20.0,24.0,26.0,25.0,22.0,29.0,16.0,15.0,15.0,4.0,5.0,4.0
Frying pan (non-stick),430423,0.0,0.0,-1.0,-2.0,0.0,3.0,7.0,3.0,2.0,0.0,1.0,2.0,-2.0,-2.0,-1.0,-2.0,-5.0,-8.0,-7.0,-5.0,-4.0,-2.0,2.0,-1.0,8.0,4.0,6.0,9.0,14.0,14.0,10.0,13.0,16.0,10.0,6.0,12.0,9.0,6.0,2.0
Stainless steel cutlery set,430419,-4.0,-3.0,-2.0,-2.0,-1.0,1.0,-1.0,-1.0,-6.0,-1.0,-2.0,-2.0,2.0,1.0,-2.0,-1.0,-4.0,-5.0,-6.0,-2.0,-1.0,-2.0,2.0,1.0,2.0,3.0,6.0,8.0,10.0,9.0,13.0,11.0,10.0,12.0,10.0,7.0,8.0,7.0,7.0
Aluminium cooking foil,430505,7.0,3.0,3.0,7.0,6.0,6.0,7.0,2.0,1.0,2.0,-2.0,-3.0,-1.0,1.0,1.0,-3.0,-1.0,-3.0,-4.0,-1.0,3.0,1.0,6.0,7.0,6.0,5.0,11.0,15.0,19.0,22.0,24.0,29.0,28.0,32.0,33.0,35.0,31.0,29.0,22.0
Electric kettle,430307,-7.0,-4.0,-1.0,-2.0,-7.0,-15.0,-8.0,-9.0,3.0,2.0,5.0,-4.0,2.0,-1.0,4.0,0.0,9.0,17.0,7.0,8.0,-1.0,11.0,3.0,17.0,10.0,15.0,6.0,9.0,12.0,5.0,5.0,6.0,10.0,-4.0,7.0,-4.0,-5.0,-1.0,2.0
Electric iron,430317,0.0,-5.0,2.0,2.0,7.0,16.0,12.0,5.0,8.0,-1.0,6.0,-1.0,0.0,-3.0,-3.0,-2.0,-5.0,-14.0,-6.0,2.0,2.0,9.0,5.0,21.0,18.0,19.0,18.0,18.0,14.0,22.0,15.0,13.0,11.0,7.0,8.0,1.0,1.0,5.0,6.0
Electric hair styling appliance,430351,-5.0,5.0,2.0,9.0,2.0,5.0,2.0,-3.0,-2.0,1.0,8.0,-3.0,5.0,6.0,7.0,-8.0,-4.0,1.0,2.0,6.0,7.0,6.0,7.0,9.0,13.0,-1.0,3.0,16.0,10.0,7.0,16.0,11.0,10.0,19.0,15.0,14.0,12.0,23.0,16.0
Dish washer,430356,-1.0,-6.0,-2.0,-1.0,-4.0,0.0,4.0,-5.0,1.0,0.0,0.0,-1.0,6.0,6.0,5.0,8.0,6.0,7.0,8.0,9.0,7.0,7.0,11.0,5.0,4.0,8.0,6.0,2.0,3.0,7.0,2.0,4.0,5.0,8.0,8.0,13.0,8.0,8.0,8.0
Electric heater,430358,-10.0,-6.0,-7.0,-6.0,-7.0,-6.0,-4.0,-5.0,-4.0,-5.0,-7.0,-12.0,-3.0,1.0,2.0,0.0,3.0,3.0,2.0,4.0,1.0,-4.0,14.0,27.0,21.0,10.0,26.0,27.0,24.0,24.0,23.0,23.0,27.0,16.0,-2.0,0.0,0.0,12.0,0.0
Fridge/freezer,430362,0.0,0.0,1.0,3.0,1.0,-1.0,3.0,2.0,6.0,4.0,2.0,3.0,2.0,6.0,7.0,5.0,8.0,9.0,8.0,13.0,8.0,12.0,10.0,15.0,13.0,13.0,9.0,14.0,13.0,13.0,13.0,11.0,14.0,12.0,10.0,9.0,16.0,16.0,17.0
Light bulb,430524,-7.0,-8.0,-13.0,-13.0,-14.0,-16.0,-18.0,-17.0,-21.0,-26.0,-26.0,-22.0,-22.0,-19.0,-16.0,-14.0,-14.0,-9.0,-7.0,-7.0,-3.0,3.0,5.0,2.0,7.0,2.0,6.0,3.0,5.0,2.0,6.0,-3.0,-4.0,-3.0,1.0,0.0,0.0,-3.0,-6.0
Smart Wi-Fi light bulb,430541,,,,,,,,,,,,,,,,,,,,,,,,,,,,,,,,,,,,,,,
Soundbar,630166,,,,,,,,,,,,,,,,,,,,,,,,,,,,,,,,,,,,,,,
Fabric roller blind,430229,-4.0,-2.0,-1.0,-2.0,-3.0,1.0,0.0,-1.0,3.0,2.0,-2.0,0.0,2.0,-1.0,2.0,3.0,3.0,2.0,0.0,-1.0,0.0,4.0,6.0,3.0,4.0,5.0,3.0,2.0,1.0,0.0,2.0,5.0,3.0,1.0,2.0,-1.0,0.0,-1.0,-1.0
Curtains (ready made),430236,6.0,8.0,7.0,9.0,7.0,0.0,1.0,5.0,8.0,9.0,4.0,0.0,-1.0,-2.0,-4.0,-1.0,-1.0,4.0,3.0,1.0,-2.0,0.0,-2.0,-1.0,4.0,6.0,15.0,2.0,7.0,4.0,-1.0,2.0,-6.0,5.0,9.0,9.0,-3.0,2.0,-5.0
Photo frame,520136,1.0,1.0,2.0,-2.0,-10.0,1.0,0.0,1.0,2.0,3.0,5.0,5.0,-5.0,-5.0,-4.0,-2.0,6.0,-1.0,-2.0,-2.0,-4.0,-5.0,-8.0,-4.0,3.0,2.0,7.0,9.0,6.0,7.0,6.0,6.0,6.0,5.0,3.0,0.0,0.0,-1.0,-5.0
Double wardrobe,430101,-2.0,-4.0,-1.0,0.0,-2.0,0.0,4.0,2.0,-1.0,0.0,-1.0,2.0,6.0,9.0,9.0,9.0,13.0,12.0,9.0,10.0,17.0,14.0,16.0,16.0,15.0,11.0,15.0,15.0,12.0,13.0,12.0,13.0,9.0,13.0,13.0,13.0,12.0,11.0,6.0
Armchair,430104,0.0,-5.0,-6.0,1.0,-2.0,-3.0,1.0,-2.0,-2.0,0.0,0.0,-3.0,1.0,-1.0,4.0,1.0,3.0,5.0,2.0,4.0,7.0,5.0,6.0,8.0,9.0,10.0,11.0,11.0,12.0,13.0,12.0,12.0,11.0,10.0,9.0,12.0,11.0,11.0,7.0
Kitchen base unit,430119,3.0,4.0,4.0,5.0,4.0,3.0,3.0,3.0,1.0,2.0,3.0,3.0,4.0,3.0,4.0,3.0,6.0,7.0,8.0,9.0,9.0,13.0,13.0,12.0,17.0,21.0,20.0,22.0,19.0,21.0,21.0,21.0,24.0,21.0,21.0,22.0,26.0,21.0,21.0
Coffee table,430120,-2.0,-3.0,-3.0,0.0,-9.0,-4.0,-2.0,0.0,0.0,0.0,-1.0,0.0,5.0,3.0,4.0,6.0,15.0,7.0,6.0,6.0,9.0,9.0,11.0,10.0,9.0,12.0,13.0,10.0,10.0,15.0,16.0,16.0,12.0,13.0,12.0,12.0,11.0,10.0,7.0
Chest of drawers,430127,2.0,-3.0,0.0,-1.0,-3.0,0.0,5.0,1.0,-2.0,-2.0,-2.0,-3.0,3.0,6.0,6.0,8.0,11.0,10.0,7.0,8.0,12.0,12.0,13.0,14.0,11.0,9.0,12.0,14.0,13.0,11.0,10.0,9.0,9.0,11.0,10.0,9.0,11.0,10.0,6.0
Bookcase/freestanding shelve unit,430133,-1.0,-1.0,0.0,0.0,-2.0,-3.0,-1.0,0.0,0.0,0.0,-2.0,-1.0,2.0,0.0,2.0,3.0,5.0,7.0,9.0,6.0,11.0,10.0,14.0,11.0,10.0,16.0,16.0,13.0,13.0,12.0,11.0,12.0,9.0,10.0,10.0,9.0,9.0,5.0,3.0
Table lamp,430134,1.0,0.0,-2.0,-2.0,-3.0,-3.0,0.0,-1.0,-2.0,0.0,0.0,0.0,1.0,1.0,2.0,3.0,5.0,6.0,5.0,5.0,4.0,5.0,2.0,4.0,6.0,11.0,12.0,13.0,11.0,11.0,8.0,8.0,8.0,8.0,7.0,10.0,8.0,2.0,1.0
Leather settee,430137,1.0,-5.0,-2.0,5.0,4.0,-2.0,-2.0,-4.0,-2.0,1.0,0.0,-1.0,4.0,2.0,2.0,0.0,2.0,7.0,9.0,12.0,14.0,14.0,15.0,19.0,19.0,18.0,24.0,21.0,20.0,19.0,20.0,17.0,13.0,12.0,12.0,6.0,6.0,7.0,1.0
Home office desk,430138,-4.0,-2.0,-3.0,-2.0,2.0,-3.0,-1.0,-2.0,-3.0,-2.0,-3.0,-2.0,3.0,1.0,4.0,4.0,-1.0,3.0,5.0,7.0,8.0,4.0,7.0,6.0,11.0,10.0,10.0,11.0,13.0,10.0,9.0,10.0,10.0,15.0,14.0,13.0,8.0,8.0,5.0
Kitchen wall unit,430139,3.0,2.0,2.0,3.0,3.0,2.0,1.0,1.0,-1.0,0.0,2.0,3.0,3.0,1.0,0.0,2.0,2.0,5.0,3.0,4.0,2.0,8.0,6.0,6.0,15.0,19.0,21.0,20.0,20.0,22.0,26.0,25.0,31.0,25.0,25.0,25.0,26.0,23.0,22.0
Dinning table with 2-6 chairs,430141,2.0,3.0,5.0,7.0,8.0,8.0,10.0,12.0,9.0,10.0,11.0,9.0,12.0,10.0,10.0,10.0,9.0,7.0,9.0,7.0,7.0,8.0,11.0,12.0,10.0,11.0,14.0,13.0,11.0,12.0,10.0,12.0,12.0,12.0,10.0,8.0,8.0,7.0,3.0
High chair,430142,-5.0,-2.0,-1.0,7.0,5.0,3.0,4.0,3.0,0.0,1.0,1.0,3.0,0.0,2.0,0.0,-6.0,-5.0,-3.0,-4.0,-4.0,0.0,5.0,6.0,7.0,15.0,13.0,14.0,13.0,18.0,18.0,17.0,19.0,11.0,9.0,9.0,6.0,1.0,1.0,1.0
Non leather settee,430143,,,,,,,,,,,,,,,,,,,,,,,,,,,,,,,,,,,,,,,
Adult bed,430144,,,,,,,,,,,,,,,,,,,,,,,,,,,,,,,,,,,,,,,
Wall hanging mirror,520132,-2.0,1.0,0.0,1.0,1.0,4.0,5.0,3.0,4.0,9.0,9.0,11.0,17.0,12.0,12.0,18.0,16.0,16.0,16.0,18.0,18.0,15.0,12.0,11.0,12.0,14.0,15.0,10.0,12.0,8.0,9.0,8.0,8.0,6.0,6.0,6.0,8.0,6.0,4.0
Ready mixed filler,410602,5.0,4.0,3.0,2.0,3.0,4.0,3.0,1.0,2.0,1.0,1.0,1.0,2.0,2.0,2.0,1.0,1.0,1.0,1.0,2.0,6.0,6.0,8.0,9.0,9.0,10.0,10.0,11.0,11.0,12.0,14.0,13.0,11.0,12.0,11.0,10.0,9.0,9.0,9.0
Paint brush,410607,1.0,1.0,1.0,1.0,-1.0,-2.0,-1.0,-1.0,-2.0,-1.0,-1.0,1.0,2.0,2.0,2.0,3.0,4.0,7.0,3.0,2.0,2.0,1.0,2.0,3.0,2.0,3.0,3.0,4.0,3.0,6.0,9.0,15.0,17.0,17.0,14.0,16.0,18.0,20.0,20.0
Door handle,410611,2.0,2.0,0.0,2.0,0.0,1.0,1.0,1.0,2.0,2.0,1.0,0.0,0.0,0.0,0.0,0.0,2.0,0.0,1.0,3.0,0.0,1.0,-3.0,-1.0,-1.0,3.0,4.0,4.0,2.0,-1.0,-3.0,-5.0,0.0,4.0,10.0,10.0,11.0,8.0,6.0
Power drill,410614,2.0,3.0,8.0,11.0,2.0,2.0,3.0,3.0,-3.0,-4.0,-5.0,-5.0,-7.0,-10.0,-10.0,-10.0,-10.0,-9.0,-8.0,-5.0,-2.0,0.0,-2.0,1.0,4.0,9.0,11.0,9.0,7.0,5.0,3.0,1.0,8.0,8.0,9.0,8.0,6.0,6.0,5.0
Varnish clear gloss,410621,5.0,3.0,4.0,3.0,1.0,2.0,3.0,3.0,0.0,0.0,0.0,0.0,0.0,1.0,0.0,0.0,0.0,2.0,2.0,2.0,1.0,3.0,4.0,2.0,2.0,5.0,8.0,9.0,10.0,7.0,8.0,8.0,10.0,10.0,9.0,11.0,12.0,10.0,7.0
Screwdriver,410625,1.0,1.0,2.0,0.0,-1.0,-4.0,1.0,-1.0,-1.0,-2.0,0.0,0.0,-1.0,1.0,1.0,2.0,3.0,8.0,4.0,6.0,5.0,10.0,9.0,8.0,9.0,11.0,13.0,13.0,12.0,12.0,10.0,10.0,13.0,8.0,8.0,9.0,8.0,5.0,3.0
Wallpaper,410629,-3.0,8.0,11.0,12.0,7.0,5.0,6.0,0.0,-2.0,0.0,-4.0,-3.0,-1.0,2.0,-1.0,-1.0,-2.0,1.0,3.0,0.0,1.0,4.0,3.0,4.0,3.0,-1.0,6.0,7.0,7.0,7.0,7.0,10.0,9.0,9.0,11.0,13.0,11.0,16.0,9.0
Shower head,410631,11.0,6.0,6.0,1.0,4.0,0.0,0.0,3.0,5.0,5.0,5.0,4.0,1.0,-1.0,0.0,4.0,-1.0,2.0,2.0,-1.0,0.0,2.0,1.0,1.0,3.0,4.0,3.0,5.0,7.0,5.0,7.0,9.0,10.0,9.0,8.0,10.0,6.0,6.0,7.0
Carpet cleaner hire,410632,-4.0,-4.0,-3.0,-3.0,-4.0,-5.0,-5.0,-3.0,-2.0,-2.0,-2.0,0.0,-1.0,-1.0,-1.0,0.0,1.0,3.0,4.0,3.0,2.0,2.0,3.0,4.0,7.0,7.0,7.0,6.0,7.0,4.0,2.0,1.0,1.0,2.0,-1.0,-1.0,-4.0,-3.0,-3.0
Medium density fireboard (MDF),410633,-2.0,0.0,0.0,0.0,2.0,0.0,1.0,0.0,-2.0,0.0,0.0,2.0,3.0,7.0,6.0,11.0,14.0,25.0,37.0,50.0,59.0,67.0,73.0,68.0,69.0,60.0,63.0,58.0,50.0,41.0,30.0,19.0,15.0,4.0,1.0,2.0,1.0,2.0,0.0
Ceramic tiles,410637,2.0,1.0,3.0,3.0,3.0,3.0,1.0,3.0,2.0,-3.0,-2.0,1.0,0.0,3.0,2.0,1.0,1.0,4.0,6.0,3.0,4.0,9.0,9.0,9.0,8.0,10.0,11.0,14.0,19.0,19.0,19.0,27.0,39.0,45.0,50.0,46.0,47.0,39.0,36.0
Coal,420103,3.0,4.0,4.0,5.0,4.0,4.0,4.0,3.0,4.0,4.0,2.0,1.0,2.0,1.0,1.0,2.0,2.0,3.0,1.0,2.0,2.0,2.0,2.0,4.0,4.0,6.0,10.0,11.0,15.0,20.0,25.0,28.0,30.0,35.0,34.0,31.0,33.0,32.0,27.0
Kerosene,420405,6.0,-8.0,-25.0,-42.0,-46.0,-35.0,-34.0,-35.0,-38.0,-37.0,-39.0,-28.0,-25.0,-9.0,13.0,40.0,56.0,38.0,37.0,36.0,49.0,69.0,85.0,52.0,47.0,53.0,114.0,114.0,123.0,129.0,114.0,86.0,102.0,70.0,57.0,47.0,40.0,20.0,-17.0
Bath towel,430228,5.0,2.0,-1.0,-9.0,-11.0,-9.0,-1.0,-2.0,-4.0,-1.0,-2.0,-2.0,-2.0,-3.0,-1.0,11.0,10.0,7.0,0.0,-1.0,-1.0,0.0,0.0,0.0,1.0,2.0,5.0,5.0,4.0,3.0,8.0,10.0,11.0,9.0,11.0,12.0,13.0,11.0,8.0
Gas fire,430413,1.0,1.0,1.0,-1.0,-2.0,1.0,1.0,2.0,1.0,2.0,2.0,0.0,0.0,0.0,1.0,5.0,5.0,3.0,3.0,2.0,3.0,3.0,5.0,6.0,7.0,8.0,7.0,8.0,9.0,9.0,11.0,12.0,14.0,14.0,13.0,14.0,13.0,13.0,12.0
AA battery,430539,-7.0,-10.0,-2.0,-4.0,-3.0,-5.0,-9.0,-3.0,-3.0,-2.0,-7.0,-8.0,-8.0,-6.0,-12.0,-10.0,-13.0,-15.0,-11.0,-15.0,-13.0,-8.0,-5.0,-1.0,-2.0,-2.0,4.0,3.0,9.0,13.0,15.0,13.0,12.0,10.0,10.0,9.0,8.0,9.0,5.0
Clear sticky tape,430525,1.0,-2.0,2.0,0.0,1.0,-1.0,-1.0,-2.0,-1.0,1.0,-8.0,-5.0,-6.0,-7.0,-7.0,-7.0,-1.0,0.0,1.0,6.0,6.0,3.0,13.0,14.0,9.0,13.0,12.0,12.0,6.0,7.0,9.0,6.0,5.0,8.0,11.0,13.0,13.0,11.0,10.0
Greetings card,430526,1.0,1.0,1.0,7.0,7.0,-1.0,5.0,2.0,1.0,2.0,1.0,3.0,3.0,5.0,4.0,-2.0,-2.0,6.0,-2.0,1.0,2.0,3.0,3.0,2.0,3.0,1.0,1.0,1.0,2.0,3.0,4.0,4.0,4.0,4.0,5.0,3.0,3.0,3.0,3.0
A4 printer paper,430527,2.0,-1.0,0.0,-2.0,-1.0,-1.0,-2.0,-1.0,-1.0,-1.0,-1.0,-1.0,-1.0,0.0,0.0,2.0,1.0,2.0,2.0,3.0,2.0,2.0,3.0,3.0,4.0,6.0,8.0,13.0,20.0,23.0,24.0,31.0,35.0,37.0,39.0,37.0,39.0,36.0,33.0
Black inkjet cartridge,430530,1.0,0.0,1.0,2.0,2.0,6.0,7.0,5.0,5.0,5.0,3.0,3.0,5.0,4.0,6.0,4.0,9.0,4.0,6.0,4.0,4.0,5.0,5.0,3.0,7.0,7.0,8.0,9.0,6.0,5.0,5.0,7.0,5.0,7.0,13.0,14.0,8.0,9.0,7.0
Wrapping paper,430535,2.0,4.0,4.0,4.0,3.0,2.0,3.0,2.0,4.0,2.0,1.0,-1.0,0.0,-1.0,-1.0,-1.0,-4.0,-4.0,-4.0,-4.0,-4.0,-3.0,-2.0,-2.0,-3.0,-4.0,-2.0,-1.0,2.0,3.0,3.0,2.0,2.0,2.0,1.0,2.0,3.0,4.0,2.0
Scissors,430409,-1.0,-1.0,0.0,1.0,-1.0,-2.0,-4.0,-3.0,-8.0,-6.0,-10.0,-15.0,-14.0,-13.0,-12.0,-12.0,-7.0,-7.0,-5.0,-7.0,-2.0,-6.0,0.0,9.0,18.0,18.0,17.0,16.0,13.0,12.0,11.0,10.0,17.0,15.0,16.0,14.0,4.0,2.0,1.0
Ballpoint pen,430503,5.0,4.0,3.0,8.0,10.0,2.0,-3.0,-2.0,-1.0,3.0,0.0,-1.0,-4.0,-1.0,-2.0,-6.0,-5.0,2.0,8.0,9.0,5.0,6.0,4.0,3.0,6.0,8.0,8.0,14.0,10.0,6.0,1.0,5.0,8.0,-1.0,1.0,5.0,6.0,4.0,4.0
Luggage trolley case,520134,2.0,10.0,7.0,-3.0,-6.0,-5.0,-10.0,-7.0,-8.0,-7.0,-12.0,-3.0,-11.0,-17.0,-11.0,-4.0,-4.0,-4.0,-1.0,-6.0,-1.0,0.0,9.0,2.0,11.0,10.0,8.0,14.0,18.0,17.0,17.0,15.0,12.0,12.0,14.0,9.0,8.0,5.0,2.0
Headphones,630156,0.0,-3.0,-2.0,0.0,3.0,-3.0,0.0,-1.0,3.0,2.0,-1.0,0.0,-3.0,-2.0,-5.0,-3.0,-4.0,1.0,-3.0,-1.0,0.0,0.0,1.0,0.0,5.0,0.0,3.0,1.0,4.0,4.0,5.0,1.0,-1.0,0.0,4.0,-2.0,-2.0,-2.0,-2.0
Television (small),630159,-10.0,-12.0,-11.0,-12.0,-9.0,-2.0,-2.0,0.0,1.0,1.0,-2.0,2.0,1.0,4.0,7.0,7.0,5.0,8.0,6.0,3.0,8.0,7.0,10.0,6.0,10.0,5.0,4.0,2.0,-4.0,-10.0,-10.0,-7.0,-9.0,-11.0,-13.0,-7.0,-14.0,-10.0,-11.0
Television (large),630160,-9.0,-10.0,-8.0,-8.0,-5.0,-9.0,-10.0,-9.0,-9.0,-12.0,-9.0,-7.0,-5.0,-4.0,-5.0,-6.0,0.0,0.0,9.0,6.0,7.0,9.0,8.0,3.0,-1.0,-5.0,-9.0,-12.0,-21.0,-19.0,-21.0,-22.0,-20.0,-21.0,-16.0,-6.0,-7.0,-4.0,0.0
DVD/Blu-ray player,630164,,,,,,,,,,,,,,,,,,,,,,,,,,,,,,,,,,,,,,,
Book illustrated for under 5s,630434,1.0,2.0,2.0,-6.0,-7.0,-5.0,-5.0,-1.0,0.0,0.0,-8.0,-6.0,-6.0,-6.0,-7.0,0.0,9.0,7.0,7.0,2.0,2.0,3.0,11.0,8.0,9.0,9.0,9.0,10.0,3.0,4.0,4.0,3.0,3.0,2.0,3.0,4.0,4.0,4.0,4.0
Teenage fiction book,630437,0.0,2.0,5.0,-6.0,-10.0,-7.0,-1.0,3.0,3.0,4.0,-5.0,-5.0,-3.0,-2.0,-9.0,0.0,12.0,8.0,1.0,-1.0,-4.0,-2.0,14.0,6.0,5.0,1.0,7.0,4.0,-2.0,-3.0,-2.0,-5.0,-2.0,-1.0,-5.0,3.0,4.0,4.0,3.0
"Fiction book (paper back, bestseller)",630439,5.0,2.0,4.0,-11.0,-16.0,-6.0,-19.0,3.0,2.0,4.0,-14.0,-12.0,-14.0,-10.0,-15.0,2.0,19.0,3.0,17.0,-3.0,-4.0,-2.0,15.0,16.0,13.0,10.0,16.0,11.0,2.0,7.0,6.0,4.0,7.0,3.0,3.0,0.0,3.0,3.0,2.0
Child's fiction book (6-12 yrs.),630440,,,,,,,,,,,,,,,,,,,,,,,,,,,,,,,,,,,,,,,
Recordable CD,630226,-3.0,-5.0,-3.0,-1.0,-4.0,-1.0,-1.0,1.0,-8.0,-9.0,-3.0,-5.0,-8.0,-4.0,-6.0,-3.0,-1.0,-10.0,6.0,7.0,23.0,23.0,22.0,23.0,13.0,9.0,8.0,4.0,6.0,13.0,3.0,-3.0,-7.0,-10.0,-9.0,-3.0,7.0,10.0,12.0
Childs's sit and ride toys (under 5s),630376,0.0,-5.0,-6.0,8.0,5.0,-5.0,5.0,4.0,5.0,2.0,4.0,9.0,10.0,11.0,10.0,-3.0,0.0,6.0,1.0,3.0,7.0,5.0,7.0,1.0,2.0,10.0,5.0,8.0,11.0,11.0,10.0,10.0,3.0,5.0,7.0,5.0,5.0,1.0,6.0
Construction toy,630314,-2.0,-4.0,-3.0,5.0,7.0,2.0,0.0,1.0,4.0,1.0,3.0,4.0,2.0,5.0,3.0,0.0,-6.0,0.0,1.0,0.0,-1.0,1.0,-2.0,-1.0,-2.0,-1.0,-3.0,-4.0,-2.0,-2.0,-1.0,-3.0,-2.0,0.0,2.0,-4.0,-3.0,0.0,2.0
Adult sleeping bag,630317,4.0,4.0,-2.0,-6.0,-1.0,5.0,3.0,4.0,3.0,2.0,-2.0,-2.0,-3.0,6.0,4.0,13.0,8.0,-2.0,4.0,3.0,9.0,4.0,9.0,8.0,3.0,-5.0,2.0,0.0,5.0,9.0,3.0,-4.0,-2.0,3.0,3.0,5.0,8.0,8.0,5.0
Beginner's acoustic guitar,630342,2.0,1.0,4.0,4.0,3.0,1.0,0.0,2.0,3.0,4.0,3.0,4.0,6.0,5.0,4.0,4.0,4.0,3.0,5.0,2.0,2.0,1.0,1.0,1.0,0.0,1.0,0.0,2.0,2.0,5.0,4.0,6.0,6.0,8.0,9.0,8.0,7.0,7.0,7.0
Digital development,630359,5.0,4.0,4.0,3.0,-1.0,-2.0,0.0,2.0,2.0,2.0,0.0,2.0,1.0,0.0,1.0,0.0,7.0,9.0,6.0,5.0,3.0,3.0,5.0,4.0,6.0,7.0,6.0,6.0,3.0,2.0,3.0,3.0,4.0,6.0,8.0,9.0,9.0,8.0,8.0
Electronic educational toy,630368,2.0,2.0,3.0,1.0,-1.0,-3.0,-1.0,-2.0,-1.0,-2.0,-3.0,-3.0,-11.0,-6.0,-7.0,-9.0,-7.0,-8.0,-6.0,-4.0,-3.0,-2.0,-2.0,1.0,5.0,6.0,9.0,12.0,7.0,12.0,12.0,10.0,9.0,10.0,13.0,9.0,9.0,10.0,7.0
Jigsaw,630373,3.0,1.0,0.0,7.0,5.0,12.0,6.0,6.0,6.0,5.0,17.0,18.0,16.0,8.0,-2.0,-8.0,-3.0,-9.0,-6.0,-1.0,-3.0,-4.0,-14.0,-14.0,-14.0,-1.0,2.0,0.0,-3.0,-1.0,0.0,1.0,-2.0,1.0,4.0,-2.0,3.0,-4.0,3.0
Adult craft hobby kit,630382,,,,,,,,,,,,,,,,,,,,,,,,,,,,,,,,,,,,,,,
Garden spade,630505,-1.0,-4.0,-3.0,-3.0,-4.0,-8.0,-6.0,-4.0,-3.0,-3.0,-3.0,-1.0,2.0,7.0,8.0,8.0,11.0,12.0,11.0,9.0,11.0,10.0,9.0,10.0,11.0,10.0,9.0,10.0,13.0,15.0,14.0,13.0,9.0,13.0,17.0,13.0,10.0,10.0,10.0
Houseplant,630507,0.0,0.0,0.0,1.0,0.0,3.0,7.0,2.0,2.0,1.0,0.0,6.0,3.0,7.0,9.0,7.0,6.0,3.0,2.0,8.0,4.0,4.0,6.0,-2.0,-2.0,-4.0,-4.0,-3.0,-2.0,1.0,-4.0,-2.0,-1.0,-1.0,0.0,2.0,5.0,3.0,1.0
Potting compost,630510,0.0,1.0,1.0,7.0,6.0,-2.0,-2.0,3.0,2.0,-1.0,-5.0,-3.0,0.0,3.0,2.0,-3.0,3.0,8.0,9.0,7.0,6.0,14.0,19.0,19.0,16.0,15.0,16.0,17.0,14.0,15.0,13.0,14.0,17.0,12.0,12.0,13.0,14.0,13.0,12.0
Cut flower carnation stem,630518,1.0,-1.0,0.0,-2.0,-4.0,-6.0,0.0,2.0,2.0,1.0,-4.0,0.0,-2.0,-2.0,0.0,2.0,3.0,7.0,0.0,0.0,1.0,0.0,5.0,4.0,5.0,8.0,6.0,8.0,8.0,9.0,11.0,10.0,10.0,12.0,11.0,7.0,8.0,7.0,8.0
Potted shrub,630519,11.0,7.0,7.0,10.0,13.0,18.0,0.0,-6.0,5.0,9.0,7.0,6.0,7.0,9.0,9.0,3.0,0.0,0.0,21.0,23.0,10.0,4.0,3.0,11.0,12.0,13.0,13.0,12.0,17.0,15.0,6.0,8.0,15.0,17.0,16.0,8.0,5.0,4.0,3.0
Plant food,630525,0.0,-1.0,0.0,-3.0,7.0,4.0,5.0,2.0,2.0,2.0,3.0,4.0,7.0,8.0,6.0,7.0,3.0,1.0,-2.0,2.0,6.0,3.0,5.0,6.0,6.0,9.0,11.0,15.0,10.0,17.0,18.0,16.0,12.0,17.0,16.0,14.0,20.0,17.0,16.0
Plant seeds,630526,,,,,,,,,,,,,,,,,,,,,,,,,,,,,,,,,,,,,,,
Theatre ticket,640212,2.0,6.0,4.0,1.0,1.0,3.0,8.0,6.0,-3.0,-3.0,1.0,3.0,1.0,-3.0,0.0,1.0,1.0,2.0,5.0,8.0,15.0,13.0,15.0,9.0,17.0,19.0,18.0,22.0,19.0,24.0,17.0,11.0,7.0,10.0,5.0,8.0,1.0,2.0,3.0
Cinema popcorn,220324,4.0,4.0,4.0,3.0,3.0,3.0,4.0,6.0,3.0,3.0,3.0,3.0,2.0,2.0,2.0,3.0,4.0,4.0,4.0,2.0,4.0,4.0,4.0,4.0,5.0,5.0,4.0,4.0,4.0,4.0,3.0,4.0,4.0,4.0,4.0,4.0,4.0,5.0,
Hotel stay,640406,-3.0,1.0,-3.0,1.0,0.0,0.0,-13.0,-8.0,-19.0,-21.0,0.0,-18.0,0.0,0.0,0.0,1.0,2.0,2.0,14.0,29.0,25.0,34.0,15.0,41.0,9.0,11.0,21.0,18.0,12.0,22.0,20.0,3.0,17.0,18.0,7.0,19.0,20.0,17.0,8.0
Can of dog food,430613,7.0,3.0,3.0,-6.0,-6.0,-3.0,-4.0,1.0,-1.0,-1.0,-4.0,-5.0,-5.0,-5.0,-5.0,2.0,2.0,0.0,0.0,2.0,1.0,2.0,5.0,5.0,8.0,20.0,21.0,23.0,24.0,29.0,35.0,35.0,39.0,39.0,37.0,36.0,35.0,28.0,27.0
Pet cage for a small mammal,430617,1.0,1.0,1.0,13.0,14.0,5.0,4.0,1.0,1.0,4.0,3.0,4.0,4.0,3.0,4.0,-9.0,-8.0,-1.0,-2.0,3.0,1.0,-1.0,0.0,0.0,0.0,2.0,1.0,3.0,2.0,4.0,5.0,6.0,7.0,5.0,5.0,5.0,3.0,4.0,3.0
Annual booster injection (medium dog),430621,5.0,6.0,6.0,5.0,4.0,4.0,3.0,3.0,4.0,4.0,3.0,3.0,4.0,4.0,4.0,5.0,5.0,5.0,5.0,6.0,5.0,5.0,6.0,6.0,6.0,6.0,7.0,7.0,8.0,9.0,11.0,11.0,12.0,12.0,12.0,12.0,12.0,13.0,11.0
Dog kennel fees,430622,5.0,4.0,4.0,3.0,3.0,3.0,3.0,3.0,3.0,3.0,3.0,3.0,3.0,2.0,2.0,2.0,3.0,3.0,3.0,3.0,3.0,3.0,3.0,3.0,3.0,4.0,5.0,6.0,7.0,7.0,8.0,8.0,9.0,11.0,12.0,13.0,13.0,13.0,11.0
Dog treats,430626,,,,,,,,,,,,,,,,,,,,,,,,,,,,,,,,,,,,,,,
Pet collar,430627,,,,,,,,,,,,,,,,,,,,,,,,,,,,,,,,,,,,,,,
Carbon fibre fishing rod,630340,-1.0,-1.0,-2.0,0.0,0.0,-2.0,-2.0,-2.0,-1.0,0.0,2.0,3.0,2.0,2.0,1.0,2.0,1.0,5.0,4.0,4.0,2.0,3.0,2.0,0.0,1.0,2.0,3.0,2.0,2.0,1.0,2.0,2.0,3.0,3.0,2.0,4.0,2.0,3.0,3.0
Men's football boots,630343,-2.0,-2.0,-4.0,-3.0,-3.0,-5.0,-3.0,-3.0,-3.0,-3.0,-3.0,-3.0,-4.0,-3.0,-1.0,1.0,4.0,6.0,3.0,3.0,4.0,-2.0,-2.0,1.0,-3.0,1.0,1.0,1.0,-1.0,0.0,-1.0,-1.0,-3.0,-16.0,-15.0,-18.0,-14.0,-16.0,-17.0
Golf ball,630345,0.0,2.0,2.0,3.0,2.0,2.0,2.0,2.0,3.0,4.0,4.0,13.0,13.0,13.0,13.0,13.0,13.0,14.0,13.0,13.0,12.0,12.0,15.0,6.0,6.0,13.0,8.0,13.0,13.0,13.0,10.0,10.0,10.0,9.0,6.0,9.0,10.0,3.0,7.0
Squash/tennis racket,630357,-8.0,-6.0,-3.0,0.0,-2.0,-2.0,-2.0,-1.0,0.0,-1.0,-5.0,1.0,2.0,1.0,11.0,8.0,11.0,11.0,13.0,15.0,16.0,16.0,25.0,32.0,32.0,46.0,32.0,32.0,32.0,35.0,34.0,30.0,29.0,30.0,25.0,14.0,14.0,3.0,3.0
Swimming pool/leisure centre admission,640219,3.0,3.0,3.0,1.0,0.0,0.0,1.0,2.0,2.0,2.0,0.0,3.0,0.0,0.0,0.0,1.0,1.0,0.0,1.0,-1.0,-1.0,-1.0,1.0,-2.0,1.0,2.0,1.0,3.0,3.0,4.0,3.0,3.0,3.0,4.0,5.0,5.0,5.0,5.0,4.0
Exercise class,640222,2.0,2.0,2.0,1.0,1.0,0.0,0.0,0.0,0.0,1.0,1.0,1.0,1.0,1.0,1.0,2.0,1.0,5.0,5.0,5.0,5.0,4.0,4.0,4.0,5.0,5.0,5.0,5.0,5.0,3.0,3.0,3.0,3.0,3.0,4.0,4.0,3.0,4.0,3.0
Ten-pin bowling,640224,3.0,3.0,3.0,2.0,2.0,1.0,2.0,1.0,3.0,2.0,2.0,3.0,2.0,2.0,2.0,3.0,3.0,4.0,4.0,4.0,2.0,2.0,3.0,2.0,3.0,3.0,3.0,3.0,3.0,3.0,2.0,3.0,4.0,3.0,3.0,3.0,3.0,3.0,3.0
Private health club/gym,640226,2.0,2.0,1.0,0.0,0.0,0.0,0.0,2.0,2.0,2.0,1.0,1.0,0.0,1.0,1.0,2.0,5.0,5.0,5.0,3.0,4.0,5.0,5.0,6.0,6.0,6.0,7.0,6.0,4.0,4.0,4.0,4.0,5.0,4.0,5.0,5.0,5.0,4.0,4.0
Soft play session,640243,2.0,3.0,2.0,1.0,1.0,1.0,0.0,1.0,4.0,4.0,4.0,3.0,3.0,3.0,4.0,4.0,5.0,5.0,6.0,7.0,3.0,4.0,4.0,4.0,4.0,6.0,6.0,6.0,6.0,6.0,6.0,6.0,7.0,7.0,7.0,7.0,8.0,7.0,7.0
Climbing wall session,640244,,,,,,,,,,,,,,,,,,,,,,,,,,,,,,,,,,,,,,,
Child minder,440120,2.0,2.0,2.0,1.0,1.0,1.0,1.0,1.0,1.0,1.0,1.0,1.0,2.0,1.0,2.0,2.0,2.0,3.0,2.0,2.0,2.0,3.0,3.0,3.0,3.0,3.0,3.0,3.0,4.0,4.0,4.0,4.0,4.0,4.0,4.0,3.0,4.0,4.0,4.0
Nanny fees,440126,3.0,3.0,3.0,2.0,2.0,2.0,2.0,2.0,1.0,1.0,1.0,1.0,1.0,1.0,1.0,1.0,1.0,1.0,1.0,0.0,0.0,0.0,0.0,0.0,0.0,1.0,1.0,1.0,1.0,1.0,2.0,2.0,3.0,5.0,5.0,6.0,6.0,6.0,6.0
Home care assistant,440128,5.0,4.0,4.0,3.0,4.0,3.0,3.0,1.0,1.0,1.0,2.0,2.0,2.0,3.0,3.0,4.0,3.0,4.0,5.0,7.0,7.0,6.0,6.0,6.0,6.0,5.0,5.0,5.0,6.0,6.0,6.0,6.0,6.0,6.0,7.0,7.0,7.0,8.0,7.0
Playgroup fees,440129,3.0,3.0,3.0,0.0,0.0,0.0,6.0,4.0,3.0,4.0,5.0,5.0,5.0,4.0,4.0,7.0,6.0,6.0,1.0,3.0,4.0,4.0,4.0,4.0,3.0,4.0,4.0,4.0,4.0,4.0,5.0,4.0,5.0,4.0,3.0,3.0,3.0,3.0,3.0
Nursery fees (0-4 yrs.),440232,4.0,4.0,4.0,3.0,3.0,3.0,2.0,3.0,3.0,3.0,3.0,3.0,4.0,4.0,4.0,5.0,4.0,4.0,4.0,4.0,4.0,4.0,3.0,3.0,3.0,3.0,3.0,3.0,3.0,4.0,4.0,4.0,5.0,6.0,6.0,6.0,6.0,6.0,6.0
Residential home,520324,4.0,4.0,4.0,4.0,3.0,3.0,2.0,2.0,3.0,3.0,4.0,4.0,4.0,4.0,4.0,4.0,5.0,6.0,6.0,6.0,7.0,6.0,5.0,5.0,5.0,4.0,4.0,5.0,4.0,4.0,5.0,5.0,6.0,7.0,8.0,8.0,8.0,9.0,9.0
Nursing home,520325,4.0,4.0,3.0,3.0,2.0,1.0,1.0,1.0,1.0,1.0,2.0,2.0,3.0,3.0,3.0,4.0,4.0,5.0,6.0,6.0,6.0,5.0,5.0,5.0,4.0,5.0,5.0,4.0,4.0,3.0,5.0,5.0,6.0,8.0,9.0,10.0,10.0,11.0,10.0
Men's haircut,520301,3.0,3.0,3.0,2.0,2.0,2.0,8.0,8.0,9.0,10.0,9.0,9.0,8.0,8.0,8.0,9.0,11.0,11.0,5.0,4.0,3.0,3.0,3.0,4.0,4.0,5.0,5.0,6.0,5.0,6.0,5.0,6.0,6.0,6.0,7.0,7.0,7.0,7.0,7.0
Women's hairdressing (cut & blow dry),520303,2.0,2.0,2.0,1.0,1.0,1.0,6.0,5.0,6.0,6.0,6.0,6.0,6.0,6.0,6.0,7.0,8.0,8.0,4.0,4.0,4.0,3.0,4.0,4.0,5.0,6.0,6.0,6.0,6.0,6.0,6.0,6.0,6.0,6.0,7.0,7.0,6.0,6.0,6.0
Women's highlighting,520311,3.0,4.0,3.0,2.0,1.0,2.0,5.0,6.0,5.0,5.0,5.0,5.0,5.0,4.0,4.0,5.0,6.0,7.0,3.0,3.0,3.0,3.0,4.0,4.0,5.0,5.0,5.0,5.0,6.0,5.0,5.0,6.0,5.0,6.0,7.0,7.0,6.0,7.0,6.0
Physiotherapy (private),520313,3.0,3.0,3.0,3.0,3.0,3.0,7.0,5.0,4.0,4.0,3.0,3.0,3.0,3.0,2.0,3.0,3.0,3.0,0.0,1.0,2.0,1.0,1.0,2.0,2.0,2.0,3.0,3.0,3.0,4.0,3.0,3.0,3.0,4.0,4.0,4.0,4.0,4.0,3.0
Private dental examination,520326,4.0,5.0,5.0,4.0,4.0,4.0,13.0,6.0,4.0,5.0,5.0,4.0,4.0,3.0,3.0,3.0,3.0,3.0,-4.0,1.0,4.0,3.0,3.0,3.0,3.0,3.0,4.0,5.0,5.0,6.0,5.0,7.0,7.0,7.0,7.0,8.0,7.0,7.0,7.0
Chiropractor (private),520332,2.0,1.0,1.0,1.0,1.0,1.0,0.0,0.0,0.0,1.0,2.0,2.0,2.0,3.0,3.0,3.0,3.0,4.0,5.0,4.0,4.0,3.0,3.0,3.0,3.0,3.0,3.0,4.0,4.0,4.0,4.0,4.0,4.0,5.0,5.0,5.0,5.0,4.0,4.0
Plumber,410508,1.0,1.0,1.0,0.0,0.0,0.0,0.0,1.0,0.0,0.0,0.0,0.0,0.0,0.0,0.0,0.0,0.0,0.0,0.0,0.0,0.0,1.0,1.0,1.0,2.0,2.0,2.0,2.0,2.0,2.0,2.0,1.0,2.0,2.0,2.0,2.0,1.0,1.0,1.0
Electrician,410509,1.0,1.0,1.0,0.0,0.0,1.0,0.0,1.0,1.0,1.0,0.0,1.0,0.0,0.0,0.0,0.0,0.0,0.0,0.0,0.0,0.0,0.0,1.0,0.0,1.0,1.0,1.0,2.0,2.0,2.0,2.0,2.0,1.0,1.0,1.0,1.0,1.0,1.0,1.0
Decorator,410517,1.0,1.0,1.0,1.0,1.0,1.0,1.0,0.0,0.0,0.0,0.0,0.0,0.0,0.0,0.0,1.0,1.0,0.0,1.0,1.0,2.0,2.0,2.0,2.0,2.0,2.0,2.0,2.0,2.0,3.0,3.0,3.0,2.0,2.0,2.0,2.0,2.0,2.0,2.0
Carpenter,410518,2.0,2.0,2.0,2.0,2.0,1.0,1.0,2.0,2.0,1.0,1.0,1.0,1.0,0.0,0.0,1.0,0.0,0.0,1.0,1.0,2.0,2.0,2.0,3.0,3.0,3.0,3.0,5.0,5.0,5.0,4.0,4.0,4.0,3.0,3.0,3.0,3.0,3.0,3.0
Domestic cleaner,440101,4.0,4.0,4.0,3.0,3.0,3.0,3.0,2.0,3.0,2.0,2.0,2.0,1.0,1.0,1.0,1.0,1.0,1.0,1.0,2.0,1.0,2.0,2.0,2.0,3.0,4.0,4.0,4.0,5.0,5.0,5.0,5.0,6.0,6.0,5.0,6.0,6.0,5.0,5.0
Window cleaning,440113,3.0,4.0,4.0,4.0,4.0,4.0,4.0,5.0,5.0,4.0,4.0,4.0,4.0,4.0,3.0,3.0,4.0,4.0,4.0,3.0,2.0,2.0,3.0,2.0,4.0,4.0,4.0,5.0,5.0,4.0,5.0,6.0,7.0,6.0,6.0,6.0,5.0,5.0,4.0
Washing machine repair,440116,1.0,1.0,1.0,0.0,1.0,1.0,1.0,2.0,2.0,2.0,2.0,2.0,2.0,3.0,3.0,4.0,4.0,4.0,4.0,4.0,3.0,3.0,3.0,3.0,3.0,3.0,3.0,3.0,3.0,3.0,3.0,3.0,4.0,4.0,4.0,4.0,4.0,4.0,4.0
PC repair,440118,1.0,1.0,1.0,1.0,1.0,0.0,0.0,0.0,0.0,1.0,1.0,1.0,1.0,1.0,0.0,0.0,0.0,1.0,1.0,1.0,1.0,0.0,1.0,1.0,1.0,1.0,2.0,2.0,1.0,1.0,1.0,1.0,2.0,2.0,2.0,2.0,2.0,1.0,1.0
Dry cleaning mans suit,440104,2.0,2.0,2.0,3.0,0.0,1.0,2.0,1.0,2.0,2.0,2.0,2.0,1.0,1.0,1.0,1.0,4.0,3.0,2.0,3.0,3.0,3.0,4.0,4.0,5.0,6.0,6.0,7.0,8.0,9.0,9.0,8.0,9.0,9.0,10.0,10.0,10.0,10.0,9.0
Driving lesson,440105,4.0,3.0,3.0,3.0,3.0,2.0,3.0,3.0,3.0,3.0,4.0,4.0,3.0,3.0,3.0,4.0,5.0,5.0,5.0,5.0,5.0,5.0,5.0,5.0,6.0,7.0,7.0,7.0,7.0,8.0,9.0,9.0,10.0,10.0,10.0,10.0,10.0,10.0,9.0
Event catering,440121,2.0,2.0,2.0,1.0,1.0,1.0,1.0,0.0,1.0,0.0,0.0,0.0,0.0,0.0,0.0,1.0,2.0,2.0,2.0,2.0,3.0,3.0,4.0,4.0,4.0,5.0,5.0,4.0,5.0,6.0,7.0,7.0,6.0,6.0,7.0,7.0,7.0,7.0,7.0
Home removal van,440123,2.0,1.0,1.0,1.0,1.0,2.0,2.0,2.0,2.0,3.0,2.0,4.0,4.0,4.0,4.0,5.0,6.0,5.0,5.0,4.0,6.0,6.0,6.0,4.0,5.0,4.0,4.0,5.0,6.0,6.0,6.0,7.0,7.0,8.0,8.0,9.0,10.0,10.0,9.0
Self-storage fee,440127,3.0,4.0,6.0,6.0,5.0,4.0,4.0,4.0,4.0,6.0,7.0,7.0,7.0,6.0,5.0,6.0,8.0,10.0,11.0,11.0,11.0,11.0,11.0,11.0,9.0,10.0,10.0,9.0,8.0,8.0,7.0,7.0,8.0,7.0,6.0,4.0,5.0,4.0,3.0
Standard funeral cremation service,440227,1.0,1.0,2.0,2.0,2.0,2.0,2.0,2.0,2.0,2.0,2.0,2.0,2.0,2.0,2.0,2.0,2.0,2.0,2.0,2.0,2.0,3.0,3.0,3.0,4.0,4.0,4.0,4.0,3.0,3.0,3.0,4.0,4.0,4.0,3.0,4.0,5.0,6.0,6.0
Standard will for a single person,440240,8.0,9.0,9.0,8.0,5.0,7.0,8.0,7.0,9.0,8.0,9.0,11.0,9.0,9.0,8.0,9.0,9.0,7.0,7.0,8.0,7.0,7.0,7.0,6.0,6.0,6.0,5.0,6.0,7.0,7.0,8.0,7.0,7.0,8.0,8.0,8.0,8.0,9.0,10.0
Solicitor,440254,2.0,2.0,2.0,1.0,0.0,0.0,0.0,1.0,1.0,1.0,1.0,1.0,1.0,1.0,1.0,2.0,2.0,3.0,3.0,3.0,3.0,3.0,3.0,3.0,4.0,4.0,4.0,3.0,3.0,3.0,4.0,4.0,5.0,5.0,5.0,5.0,4.0,4.0,4.0
Basic manicure,520331,2.0,1.0,2.0,1.0,1.0,1.0,5.0,4.0,5.0,5.0,5.0,5.0,4.0,4.0,5.0,5.0,6.0,6.0,1.0,2.0,1.0,1.0,1.0,2.0,2.0,2.0,3.0,2.0,2.0,3.0,3.0,3.0,4.0,5.0,6.0,8.0,7.0,9.0,7.0
Adult bike,620318,2.0,1.0,1.0,1.0,4.0,3.0,6.0,10.0,9.0,7.0,9.0,10.0,8.0,8.0,11.0,13.0,12.0,15.0,14.0,14.0,14.0,16.0,15.0,15.0,16.0,13.0,10.0,10.0,8.0,7.0,5.0,4.0,3.0,3.0,3.0,2.0,2.0,2.0,2.0
Adult cycle helmet,620319,-2.0,-3.0,-2.0,0.0,-4.0,-1.0,-2.0,5.0,8.0,6.0,9.0,10.0,10.0,12.0,8.0,9.0,11.0,10.0,7.0,6.0,3.0,4.0,4.0,3.0,4.0,5.0,5.0,1.0,5.0,3.0,5.0,1.0,2.0,3.0,1.0,0.0,1.0,2.0,2.0
Adult electric bike,610115,,,,,,,,,,,,,,,,,,,,,,,,,,,,,,,,,,,,,,,
Car MOT test fee,610227,1.0,1.0,1.0,1.0,1.0,0.0,0.0,0.0,0.0,0.0,0.0,1.0,1.0,1.0,1.0,1.0,1.0,2.0,1.0,1.0,1.0,1.0,1.0,1.0,2.0,2.0,2.0,2.0,3.0,3.0,3.0,3.0,3.0,3.0,3.0,3.0,3.0,3.0,3.0
Car service (local garage),610231,3.0,4.0,4.0,4.0,3.0,3.0,4.0,5.0,5.0,4.0,3.0,3.0,4.0,4.0,4.0,4.0,4.0,5.0,5.0,4.0,4.0,6.0,7.0,8.0,4.0,5.0,6.0,7.0,8.0,8.0,7.0,8.0,8.0,7.0,9.0,8.0,10.0,9.0,9.0
Car service (main dealer),610232,4.0,5.0,4.0,4.0,4.0,3.0,3.0,4.0,3.0,3.0,3.0,0.0,2.0,2.0,3.0,3.0,3.0,5.0,5.0,3.0,4.0,3.0,4.0,7.0,5.0,6.0,6.0,7.0,8.0,7.0,6.0,9.0,8.0,9.0,8.0,9.0,9.0,9.0,8.0
Car repairs (main dealer),610235,3.0,3.0,2.0,2.0,2.0,1.0,1.0,1.0,1.0,2.0,1.0,1.0,3.0,2.0,2.0,2.0,2.0,3.0,4.0,3.0,3.0,3.0,4.0,4.0,5.0,5.0,5.0,6.0,6.0,6.0,6.0,7.0,7.0,8.0,7.0,7.0,6.0,6.0,6.0
Car repairs (local garage),610236,3.0,3.0,3.0,3.0,3.0,3.0,2.0,1.0,2.0,2.0,2.0,2.0,0.0,0.0,0.0,0.0,0.0,0.0,1.0,2.0,3.0,3.0,4.0,4.0,3.0,4.0,3.0,4.0,5.0,6.0,6.0,7.0,6.0,6.0,6.0,7.0,7.0,7.0,7.0
Car wash (hand or automatic),610238,5.0,4.0,4.0,3.0,3.0,3.0,1.0,0.0,1.0,1.0,2.0,1.0,2.0,2.0,1.0,1.0,2.0,1.0,4.0,4.0,4.0,3.0,2.0,2.0,4.0,4.0,4.0,4.0,4.0,4.0,4.0,5.0,5.0,6.0,6.0,7.0,7.0,8.0,9.0
Exhaust fitting,610242,,,,,,,,,,,,,,,,,,,,,,,,,,,,,,,,,,,,,,,
Minicab fare,620308,3.0,3.0,4.0,5.0,5.0,6.0,6.0,6.0,6.0,8.0,7.0,7.0,8.0,8.0,8.0,7.0,7.0,6.0,6.0,5.0,5.0,4.0,4.0,3.0,3.0,2.0,3.0,4.0,5.0,6.0,6.0,8.0,8.0,9.0,9.0,9.0,9.0,9.0,8.0
Car park charges,620315,3.0,3.0,3.0,3.0,3.0,2.0,3.0,3.0,3.0,2.0,1.0,1.0,1.0,1.0,1.0,1.0,0.0,2.0,1.0,1.0,1.0,1.0,2.0,3.0,3.0,2.0,3.0,3.0,4.0,3.0,3.0,4.0,4.0,5.0,4.0,4.0,4.0,5.0,5.0
Car tyre,610204,2.0,1.0,1.0,0.0,1.0,2.0,3.0,4.0,6.0,7.0,6.0,6.0,5.0,6.0,7.0,8.0,9.0,9.0,9.0,8.0,6.0,7.0,9.0,9.0,13.0,13.0,12.0,12.0,11.0,11.0,10.0,11.0,11.0,9.0,9.0,8.0,9.0,10.0,10.0
Multigrade oil,610303,4.0,3.0,4.0,3.0,4.0,4.0,7.0,2.0,2.0,5.0,2.0,4.0,0.0,-2.0,-5.0,-4.0,3.0,1.0,0.0,4.0,1.0,3.0,5.0,5.0,6.0,11.0,14.0,14.0,11.0,8.0,7.0,7.0,11.0,14.0,11.0,12.0,14.0,12.0,11.0
Self drive van hire,620303,1.0,2.0,3.0,3.0,4.0,5.0,5.0,6.0,7.0,8.0,9.0,9.0,9.0,11.0,10.0,9.0,9.0,9.0,9.0,8.0,8.0,8.0,8.0,8.0,8.0,7.0,6.0,7.0,8.0,7.0,7.0,7.0,5.0,6.0,4.0,4.0,4.0,4.0,4.0
Self drive car hire,620307,0.0,-1.0,-4.0,-7.0,-10.0,-7.0,-5.0,1.0,5.0,10.0,13.0,14.0,17.0,18.0,21.0,21.0,28.0,30.0,34.0,38.0,38.0,40.0,41.0,45.0,44.0,44.0,42.0,49.0,48.0,48.0,49.0,35.0,28.0,18.0,10.0,-1.0,-8.0,-9.0,-8.0
"Dried rice, basmati/jasmine",CP0111101,,,,,,,,,,,,,,,,,,,,,,,,,,,,,,,,,,,,,,,
"Rice, microwave",CP0111101,,,,,,,,,,,,,,,,,,,,,,,,,,,,,,,,,,,,,,,
Rice cakes,CP0111101,,,,,,,,,,,,,,,,,,,,,,,,,,,,,,,,,,,,,,,
"Bread, sliced, white",CP0111301,,,,,,,,,,,,,,,,,,,,,,,,,,,,,,,,,,,,,,,
"Bread, unsliced, white",CP0111301,,,,,,,,,,,,,,,,,,,,,,,,,,,,,,,,,,,,,,,
"Bread, sliced, wholemeal/brown",CP0111302,,,,,,,,,,,,,,,,,,,,,,,,,,,,,,,,,,,,,,,
"Bread, premium e.g. rye, sourdough",CP0111303,,,,,,,,,,,,,,,,,,,,,,,,,,,,,,,,,,,,,,,
Rolls/baps/buns,CP0111303,,,,,,,,,,,,,,,,,,,,,,,,,,,,,,,,,,,,,,,
Wrap/tortillas (not with filling),CP0111304,,,,,,,,,,,,,,,,,,,,,,,,,,,,,,,,,,,,,,,
Cigarettes,CP0230101,,,,,,,,,,,,,,,,,,,,,,,,,,,,,,,,,,,,,,,
Cigars,CP0230201,,,,,,,,,,,,,,,,,,,,,,,,,,,,,,,,,,,,,,,
"Tobacco, loose",CP0230901,,,,,,,,,,,,,,,,,,,,,,,,,,,,,,,,,,,,,,,
