ID_NAME,CONSUMPTION_SEGMENT_CODE,2021-02-01,2021-03-01,2021-04-01,2021-05-01,2021-06-01,2021-07-01,2021-08-01,2021-09-01,2021-10-01,2021-11-01,2021-12-01,2022-01-01,2022-02-01,2022-03-01,2022-04-01,2022-05-01,2022-06-01,2022-07-01,2022-08-01,2022-09-01,2022-10-01,2022-11-01,2022-12-01,2023-01-01,2023-02-01,2023-03-01,2023-04-01,2023-05-01,2023-06-01,2023-07-01,2023-08-01,2023-09-01,2023-10-01,2023-11-01,2023-12-01,2024-01-01,2024-02-01,2024-03-01,2024-04-01,2024-05-01,2024-06-01,2024-07-01,2024-08-01,2024-09-01,2024-10-01,2024-11-01,2024-12-01,2025-01-01,2025-02-01,2025-03-01
Solid gold ring,520130,0.0,1.0,0.0,0.0,2.0,0.0,1.0,1.0,0.0,0.0,0.0,0.0,1.0,0.0,0.0,-1.0,1.0,3.0,3.0,0.0,1.0,-3.0,4.0,-2.0,-1.0,0.0,1.0,6.0,1.0,-1.0,0.0,1.0,0.0,1.0,0.0,0.0,1.0,2.0,0.0,3.0,0.0,1.0,3.0,0.0,1.0,-1.0,1.0,-2.0,1.0,0.0
Men's analogue  watch,520131,2.0,0.0,-2.0,0.0,-1.0,0.0,0.0,0.0,0.0,0.0,-1.0,0.0,2.0,1.0,-4.0,-1.0,7.0,-1.0,-1.0,0.0,-1.0,1.0,-1.0,0.0,0.0,0.0,-2.0,3.0,0.0,-3.0,3.0,0.0,-1.0,1.0,-1.0,-1.0,2.0,1.0,-2.0,3.0,-2.0,2.0,2.0,0.0,-2.0,1.0,0.0,-2.0,4.0,0.0
Sterling silver earrings,520137,0.0,-2.0,2.0,0.0,0.0,-1.0,1.0,0.0,-1.0,0.0,0.0,0.0,1.0,-1.0,6.0,0.0,-5.0,1.0,3.0,-1.0,-2.0,2.0,-1.0,3.0,1.0,-2.0,-1.0,-1.0,1.0,-1.0,2.0,0.0,0.0,1.0,1.0,-5.0,3.0,3.0,-2.0,1.0,-1.0,0.0,7.0,-1.0,-3.0,2.0,2.0,-1.0,3.0,0.0
Fashion necklace,520140,3.0,1.0,1.0,1.0,-2.0,-7.0,4.0,4.0,0.0,-1.0,0.0,-3.0,-2.0,-1.0,2.0,2.0,-4.0,-3.0,0.0,3.0,-2.0,1.0,1.0,-2.0,-6.0,3.0,0.0,7.0,0.0,-1.0,-2.0,0.0,2.0,1.0,-2.0,0.0,2.0,-3.0,3.0,1.0,1.0,1.0,2.0,-1.0,1.0,0.0,0.0,-3.0,1.0,0.0
Men's belt,510439,,,,,,,,,,,,,,,,,,,,,,,,,,,,,,,,,,,,,,,,,,,,,,,,,,
Adult hat/cap,510434,,,,,,,,,,,,,,,,,,,,,,,,,,,,,,,,,,,,,,,,,,,,,,,,,,
Ladies' handbag/shoulder bag,520109,3.0,1.0,0.0,0.0,-1.0,-4.0,3.0,4.0,-4.0,4.0,-1.0,-1.0,-3.0,-2.0,-3.0,2.0,-2.0,-6.0,10.0,1.0,0.0,-8.0,8.0,-3.0,-1.0,1.0,0.0,4.0,-1.0,0.0,0.0,-1.0,1.0,-1.0,0.0,0.0,0.0,2.0,5.0,-1.0,1.0,-4.0,1.0,2.0,0.0,0.0,-2.0,-3.0,2.0,0.0
Knitting wool,510429,1.0,0.0,1.0,0.0,-1.0,0.0,0.0,0.0,0.0,1.0,-1.0,0.0,-3.0,4.0,19.0,-2.0,0.0,-1.0,-12.0,1.0,-1.0,1.0,4.0,1.0,5.0,-1.0,-1.0,-1.0,0.0,0.0,1.0,1.0,0.0,2.0,0.0,-1.0,3.0,1.0,1.0,1.0,-2.0,0.0,1.0,0.0,2.0,0.0,2.0,-3.0,1.0,0.0
Lady's scarf,510432,2.0,1.0,-1.0,2.0,-2.0,-6.0,-2.0,7.0,6.0,1.0,-2.0,-7.0,-1.0,-3.0,-2.0,-1.0,-1.0,-2.0,-2.0,10.0,8.0,-3.0,0.0,-8.0,-3.0,2.0,1.0,1.0,2.0,-5.0,2.0,3.0,3.0,6.0,-1.0,-5.0,-3.0,3.0,3.0,1.0,2.0,-9.0,5.0,6.0,3.0,2.0,-1.0,-1.0,-1.0,0.0
School trousers (5-13 yrs.),510324,1.0,2.0,1.0,0.0,0.0,2.0,1.0,0.0,0.0,-1.0,-2.0,0.0,-1.0,-1.0,-3.0,5.0,-1.0,-1.0,1.0,2.0,1.0,-3.0,2.0,-1.0,1.0,-1.0,2.0,0.0,0.0,1.0,0.0,2.0,3.0,0.0,1.0,-2.0,0.0,2.0,-1.0,0.0,0.0,0.0,1.0,1.0,3.0,-1.0,0.0,3.0,1.0,0.0
Boy's jeans (5-13 yrs.),510328,-1.0,2.0,-3.0,3.0,0.0,-1.0,2.0,2.0,0.0,1.0,-1.0,-3.0,10.0,-4.0,-8.0,1.0,-3.0,-5.0,8.0,2.0,-2.0,-7.0,-1.0,-9.0,11.0,1.0,-1.0,7.0,6.0,-4.0,-3.0,1.0,6.0,0.0,-1.0,-8.0,-4.0,5.0,2.0,-2.0,3.0,4.0,3.0,-2.0,6.0,1.0,1.0,-3.0,-3.0,0.0
Baby grow or sleepsuit (0-2 yrs.),510330,0.0,3.0,-1.0,2.0,0.0,-2.0,1.0,0.0,1.0,1.0,-1.0,-2.0,0.0,0.0,-1.0,2.0,3.0,-1.0,-4.0,1.0,2.0,-5.0,0.0,4.0,2.0,1.0,2.0,2.0,0.0,0.0,-2.0,3.0,0.0,-1.0,0.0,-3.0,3.0,-1.0,-2.0,2.0,0.0,-3.0,-1.0,3.0,1.0,1.0,-1.0,-2.0,1.0,0.0
Girl's skirt for school (5-13 yrs.),510336,0.0,1.0,0.0,6.0,-2.0,1.0,-3.0,1.0,1.0,3.0,1.0,-3.0,-1.0,-2.0,-3.0,1.0,4.0,-4.0,2.0,1.0,2.0,-1.0,-2.0,1.0,1.0,-1.0,0.0,1.0,0.0,-2.0,2.0,0.0,3.0,0.0,2.0,-3.0,-1.0,1.0,0.0,-2.0,3.0,0.0,-1.0,5.0,1.0,3.0,-1.0,-1.0,0.0,0.0
Girl's fashion top (12-13 yrs.),510340,2.0,5.0,0.0,-4.0,-2.0,-4.0,-6.0,7.0,4.0,1.0,2.0,-4.0,-5.0,-1.0,1.0,4.0,2.0,-5.0,3.0,2.0,-3.0,4.0,-5.0,-3.0,0.0,-1.0,3.0,-1.0,1.0,-8.0,2.0,7.0,2.0,1.0,1.0,-7.0,-2.0,7.0,-8.0,5.0,2.0,-8.0,0.0,6.0,3.0,5.0,-1.0,-7.0,3.0,0.0
Girl's trousers non-denim (5-13 yrs.),510344,4.0,0.0,0.0,0.0,0.0,-7.0,4.0,7.0,2.0,4.0,-1.0,-4.0,3.0,-4.0,5.0,-1.0,-3.0,1.0,4.0,-4.0,2.0,0.0,5.0,-6.0,-1.0,-1.0,2.0,2.0,0.0,-4.0,2.0,5.0,-1.0,0.0,2.0,-1.0,0.0,-1.0,0.0,1.0,5.0,-11.0,-1.0,7.0,6.0,4.0,-1.0,0.0,5.0,0.0
Girl's jacket (5-13 yrs.),510347,-7.0,-5.0,0.0,1.0,-1.0,-2.0,7.0,16.0,3.0,4.0,-1.0,-8.0,-8.0,-4.0,-4.0,-7.0,5.0,0.0,4.0,3.0,1.0,-2.0,2.0,-4.0,-5.0,-4.0,3.0,-3.0,1.0,-1.0,3.0,4.0,8.0,4.0,0.0,-7.0,-3.0,0.0,-3.0,3.0,-1.0,0.0,7.0,5.0,4.0,8.0,-1.0,-9.0,-2.0,0.0
Boy's t-shirt (3-13 yrs.),510348,2.0,-3.0,3.0,0.0,1.0,-5.0,3.0,1.0,2.0,2.0,-2.0,0.0,-1.0,-1.0,2.0,2.0,-2.0,3.0,3.0,1.0,8.0,-8.0,3.0,-3.0,2.0,1.0,0.0,0.0,-5.0,-4.0,12.0,1.0,2.0,0.0,4.0,-5.0,-4.0,17.0,-3.0,4.0,10.0,3.0,-3.0,1.0,-1.0,-5.0,-1.0,-6.0,3.0,0.0
Girl's leggings (5-13 yrs.),510349,0.0,0.0,-1.0,1.0,-1.0,-5.0,3.0,3.0,-2.0,2.0,0.0,-4.0,1.0,-6.0,-1.0,4.0,-3.0,1.0,2.0,2.0,4.0,-1.0,0.0,1.0,1.0,3.0,0.0,4.0,1.0,-2.0,-2.0,1.0,1.0,0.0,0.0,-1.0,1.0,1.0,-5.0,0.0,0.0,1.0,0.0,3.0,2.0,0.0,2.0,1.0,3.0,0.0
Boy's jumper/sweatshirt/cardigan,510350,,,,,,,,,,,,,,,,,,,,,,,,,,,,,,,,,,,,,,,,,,,,,,,,,,
Infant's trousers (0-2 yrs.),510351,,,,,,,,,,,,,,,,,,,,,,,,,,,,,,,,,,,,,,,,,,,,,,,,,,
Infant's jumper/sweatshirt/cardigan,510352,,,,,,,,,,,,,,,,,,,,,,,,,,,,,,,,,,,,,,,,,,,,,,,,,,
Child's pyjamas (3-13 yrs.),510436,,,,,,,,,,,,,,,,,,,,,,,,,,,,,,,,,,,,,,,,,,,,,,,,,,
Child's pants (3-13 yrs.),510437,,,,,,,,,,,,,,,,,,,,,,,,,,,,,,,,,,,,,,,,,,,,,,,,,,
Child's socks,510438,,,,,,,,,,,,,,,,,,,,,,,,,,,,,,,,,,,,,,,,,,,,,,,,,,
Infant's dress (0-2 yrs.),510353,,,,,,,,,,,,,,,,,,,,,,,,,,,,,,,,,,,,,,,,,,,,,,,,,,
Child's sports trainers,510528,0.0,1.0,0.0,-1.0,1.0,-1.0,0.0,0.0,0.0,0.0,1.0,-4.0,0.0,1.0,-5.0,-1.0,-2.0,4.0,2.0,4.0,4.0,-5.0,-2.0,-2.0,-3.0,0.0,4.0,5.0,-2.0,-1.0,1.0,1.0,-1.0,-1.0,11.0,-10.0,-1.0,0.0,12.0,0.0,0.0,-2.0,3.0,7.0,-1.0,-9.0,10.0,10.0,0.0,0.0
Men's jacket/coat,510104,-1.0,1.0,0.0,3.0,-2.0,-8.0,8.0,5.0,2.0,3.0,-1.0,-4.0,-4.0,-1.0,-1.0,-2.0,2.0,7.0,-3.0,4.0,2.0,-7.0,1.0,-6.0,-7.0,1.0,5.0,4.0,0.0,-3.0,-2.0,3.0,3.0,0.0,4.0,-6.0,-1.0,0.0,2.0,6.0,-3.0,-4.0,2.0,7.0,4.0,0.0,-1.0,0.0,-2.0,0.0
Men's jeans,510106,1.0,2.0,-1.0,2.0,-1.0,-1.0,0.0,0.0,2.0,0.0,-2.0,-3.0,0.0,0.0,-1.0,-2.0,5.0,0.0,0.0,2.0,-1.0,-5.0,3.0,-3.0,-6.0,6.0,2.0,3.0,0.0,0.0,0.0,0.0,1.0,1.0,0.0,-2.0,1.0,2.0,-1.0,3.0,2.0,-1.0,2.0,1.0,0.0,0.0,0.0,-1.0,0.0,0.0
Men's knitted jumper,510108,1.0,-2.0,-4.0,3.0,-2.0,-7.0,9.0,9.0,2.0,0.0,-1.0,-5.0,0.0,2.0,-2.0,-2.0,3.0,1.0,-6.0,7.0,3.0,-5.0,-1.0,-8.0,-8.0,0.0,12.0,-7.0,1.0,0.0,1.0,5.0,3.0,0.0,1.0,-3.0,-1.0,-1.0,3.0,0.0,1.0,-3.0,0.0,6.0,2.0,3.0,1.0,-3.0,0.0,0.0
Men's formal long sleeve shirt,510109,1.0,1.0,0.0,1.0,-2.0,-1.0,0.0,1.0,0.0,1.0,-2.0,0.0,0.0,-1.0,-3.0,2.0,3.0,-2.0,-1.0,5.0,-1.0,-5.0,1.0,-14.0,5.0,1.0,2.0,4.0,0.0,0.0,-1.0,-2.0,3.0,2.0,4.0,-5.0,3.0,2.0,1.0,1.0,0.0,2.0,2.0,2.0,1.0,1.0,1.0,-3.0,3.0,0.0
Men's casual short sleeve top,510113,2.0,-2.0,3.0,1.0,0.0,0.0,-5.0,0.0,-1.0,2.0,-3.0,-1.0,2.0,2.0,0.0,-9.0,10.0,-3.0,2.0,2.0,-5.0,-4.0,3.0,-6.0,-2.0,2.0,8.0,3.0,0.0,-1.0,-3.0,1.0,1.0,-1.0,1.0,-3.0,1.0,3.0,2.0,3.0,-1.0,-1.0,2.0,0.0,3.0,0.0,-1.0,-1.0,2.0,0.0
Men's formal trousers,510117,1.0,3.0,0.0,-1.0,1.0,-3.0,-2.0,5.0,0.0,1.0,-1.0,-2.0,1.0,0.0,-7.0,-3.0,4.0,-6.0,12.0,2.0,1.0,-7.0,3.0,-10.0,6.0,1.0,4.0,0.0,1.0,-2.0,-1.0,1.0,2.0,0.0,0.0,0.0,2.0,1.0,1.0,0.0,0.0,-1.0,2.0,-1.0,4.0,1.0,0.0,-1.0,3.0,0.0
Men's casual trousers,510118,0.0,4.0,-1.0,1.0,0.0,-3.0,-2.0,3.0,0.0,-1.0,-3.0,-1.0,0.0,0.0,-3.0,-4.0,6.0,-1.0,1.0,-1.0,1.0,-4.0,2.0,-12.0,1.0,0.0,6.0,2.0,1.0,2.0,-1.0,1.0,1.0,1.0,-2.0,0.0,1.0,2.0,0.0,1.0,0.0,0.0,-1.0,3.0,2.0,3.0,0.0,0.0,1.0,0.0
Men's jumper or sweatshirt,510120,4.0,0.0,-3.0,4.0,-2.0,-5.0,5.0,3.0,2.0,1.0,-2.0,-4.0,2.0,-4.0,-5.0,2.0,5.0,0.0,0.0,3.0,4.0,-6.0,4.0,-7.0,-4.0,3.0,4.0,-1.0,3.0,-1.0,-1.0,-1.0,5.0,2.0,-2.0,-2.0,0.0,2.0,2.0,2.0,1.0,-3.0,0.0,3.0,4.0,1.0,1.0,-4.0,1.0,0.0
Men's branded sports sweatshirt,510128,-1.0,2.0,0.0,1.0,1.0,2.0,0.0,0.0,0.0,1.0,0.0,-6.0,-1.0,0.0,-2.0,0.0,0.0,-2.0,-1.0,1.0,13.0,1.0,0.0,11.0,-5.0,-1.0,1.0,0.0,-1.0,-2.0,1.0,-5.0,-1.0,-4.0,7.0,1.0,0.0,36.0,3.0,1.0,-1.0,-11.0,-2.0,9.0,-1.0,-2.0,8.0,-3.0,-1.0,0.0
Men's coat,510130,-5.0,1.0,0.0,1.0,0.0,-2.0,2.0,11.0,3.0,3.0,-5.0,-11.0,-6.0,-4.0,-3.0,-1.0,3.0,0.0,1.0,12.0,4.0,-6.0,6.0,-19.0,1.0,-4.0,3.0,2.0,1.0,0.0,-1.0,29.0,3.0,2.0,1.0,-10.0,-5.0,1.0,2.0,1.0,0.0,-1.0,1.0,8.0,1.0,0.0,-2.0,-5.0,0.0,0.0
Men's casual shirt,510131,1.0,1.0,1.0,1.0,-1.0,-5.0,0.0,1.0,-1.0,1.0,1.0,-4.0,0.0,2.0,-5.0,-4.0,6.0,-4.0,3.0,0.0,8.0,-2.0,2.0,-8.0,-3.0,2.0,4.0,5.0,0.0,-2.0,0.0,-1.0,7.0,-1.0,3.0,-8.0,6.0,1.0,1.0,2.0,0.0,-1.0,2.0,1.0,3.0,-3.0,1.0,-2.0,0.0,0.0
Men's short sleeved t-shirt,510132,2.0,1.0,1.0,0.0,-2.0,-1.0,1.0,1.0,-2.0,2.0,-2.0,-3.0,1.0,2.0,-4.0,3.0,-1.0,2.0,0.0,0.0,-2.0,-3.0,2.0,-4.0,0.0,-1.0,1.0,3.0,0.0,-1.0,-1.0,4.0,1.0,1.0,-1.0,0.0,-3.0,7.0,2.0,2.0,0.0,-1.0,-1.0,4.0,1.0,0.0,1.0,-2.0,3.0,0.0
Men's loungewear bottoms,510133,,,,,,,,,,,,,,,,,,,,,,,,,,,,,,,,,,,,,,,,,,,,,,,,,,
Men's formal jacket/blazer,510134,,,,,,,,,,,,,,,,,,,,,,,,,,,,,,,,,,,,,,,,,,,,,,,,,,
Men's socks,510413,0.0,0.0,-1.0,1.0,-1.0,1.0,-1.0,1.0,0.0,0.0,-1.0,1.0,0.0,-1.0,-4.0,4.0,5.0,-1.0,1.0,-1.0,1.0,-2.0,1.0,-2.0,-3.0,2.0,0.0,2.0,-1.0,0.0,0.0,0.0,0.0,1.0,0.0,1.0,1.0,1.0,0.0,0.0,0.0,0.0,2.0,2.0,2.0,0.0,0.0,-1.0,0.0,0.0
Men's tie,510419,0.0,1.0,0.0,2.0,-1.0,-1.0,0.0,2.0,2.0,0.0,-2.0,-3.0,1.0,-1.0,-3.0,5.0,-1.0,-4.0,2.0,2.0,-2.0,-1.0,0.0,-3.0,6.0,1.0,1.0,4.0,-2.0,-3.0,2.0,3.0,-3.0,-1.0,5.0,-1.0,0.0,1.0,3.0,0.0,0.0,1.0,1.0,7.0,2.0,2.0,-1.0,-2.0,3.0,0.0
Men's base layer top,510433,-2.0,-1.0,4.0,3.0,-1.0,-2.0,-3.0,1.0,-2.0,1.0,0.0,1.0,-2.0,1.0,-2.0,3.0,-5.0,0.0,4.0,0.0,6.0,-8.0,0.0,12.0,-2.0,-2.0,0.0,0.0,0.0,0.0,4.0,1.0,6.0,0.0,-1.0,0.0,-2.0,4.0,0.0,0.0,1.0,-1.0,0.0,2.0,1.0,-2.0,-1.0,-3.0,-1.0,0.0
Men's formal shoes,510501,2.0,1.0,1.0,0.0,0.0,-2.0,1.0,2.0,1.0,-1.0,0.0,-4.0,2.0,1.0,-5.0,-3.0,4.0,-1.0,1.0,1.0,0.0,-4.0,-1.0,-11.0,3.0,1.0,6.0,6.0,1.0,1.0,1.0,0.0,0.0,-5.0,2.0,2.0,0.0,-1.0,2.0,2.0,2.0,-1.0,1.0,1.0,-2.0,0.0,0.0,1.0,1.0,0.0
Men's casual shoes,510515,-2.0,4.0,-1.0,-1.0,1.0,-4.0,3.0,3.0,-2.0,2.0,-3.0,-2.0,1.0,1.0,-5.0,1.0,-2.0,0.0,3.0,-1.0,0.0,2.0,-6.0,-6.0,-2.0,5.0,0.0,3.0,-2.0,0.0,1.0,0.0,3.0,1.0,2.0,-1.0,2.0,2.0,0.0,1.0,0.0,-1.0,-4.0,3.0,2.0,2.0,-3.0,-1.0,4.0,0.0
Men's training shoes,510516,0.0,-1.0,-4.0,5.0,0.0,1.0,1.0,-1.0,0.0,2.0,-3.0,1.0,2.0,-3.0,1.0,2.0,-5.0,4.0,0.0,1.0,0.0,-2.0,0.0,1.0,-3.0,3.0,0.0,2.0,0.0,3.0,0.0,0.0,-2.0,-1.0,1.0,4.0,1.0,-1.0,8.0,-1.0,1.0,0.0,2.0,-4.0,0.0,-1.0,1.0,0.0,3.0,0.0
Men's canvas fashion shoe/trainer,510535,-1.0,2.0,1.0,-1.0,0.0,-1.0,-2.0,3.0,1.0,2.0,-2.0,-1.0,0.0,2.0,-4.0,2.0,2.0,0.0,-2.0,1.0,3.0,-3.0,-3.0,-1.0,-1.0,4.0,2.0,2.0,1.0,-2.0,-1.0,2.0,-1.0,-1.0,-1.0,-4.0,2.0,5.0,2.0,0.0,-1.0,-2.0,-2.0,2.0,3.0,-1.0,-1.0,-3.0,1.0,0.0
Men's walking/hiking boot,510534,-1.0,3.0,-3.0,1.0,0.0,-1.0,0.0,0.0,2.0,2.0,0.0,-3.0,0.0,1.0,-5.0,1.0,0.0,3.0,1.0,-1.0,1.0,3.0,3.0,-1.0,1.0,1.0,6.0,-7.0,1.0,0.0,2.0,1.0,0.0,0.0,-4.0,2.0,0.0,1.0,1.0,-4.0,1.0,0.0,2.0,1.0,2.0,-2.0,0.0,0.0,2.0,0.0
Women's blouse/shirt,510206,5.0,1.0,2.0,3.0,-3.0,-9.0,3.0,3.0,1.0,3.0,-5.0,-4.0,5.0,-3.0,5.0,4.0,-9.0,-10.0,10.0,4.0,2.0,-4.0,-3.0,-7.0,-4.0,10.0,6.0,6.0,1.0,-5.0,-2.0,5.0,1.0,1.0,4.0,-4.0,2.0,7.0,2.0,4.0,-3.0,-4.0,2.0,-1.0,2.0,1.0,-5.0,-5.0,8.0,0.0
Women's formal jacket,510208,4.0,3.0,3.0,-1.0,0.0,-4.0,6.0,3.0,0.0,-1.0,-4.0,-5.0,5.0,0.0,0.0,-16.0,10.0,-4.0,3.0,8.0,5.0,-6.0,-4.0,-10.0,-2.0,4.0,4.0,9.0,1.0,-3.0,-5.0,11.0,1.0,-1.0,7.0,-8.0,2.0,7.0,0.0,6.0,-1.0,-4.0,1.0,1.0,1.0,1.0,3.0,-12.0,9.0,0.0
Women's jumper,510212,0.0,-3.0,2.0,-3.0,-6.0,-12.0,21.0,10.0,2.0,3.0,-1.0,-9.0,2.0,-3.0,-3.0,-7.0,3.0,0.0,3.0,12.0,6.0,-7.0,4.0,-8.0,-6.0,1.0,1.0,8.0,-2.0,-5.0,-1.0,7.0,0.0,3.0,-1.0,-2.0,3.0,4.0,2.0,-2.0,-5.0,-5.0,7.0,8.0,2.0,3.0,-4.0,-2.0,9.0,0.0
Women's basic plain t-shirt,510215,-1.0,6.0,-3.0,-2.0,0.0,-3.0,-1.0,4.0,-3.0,4.0,-3.0,0.0,2.0,2.0,-5.0,10.0,-1.0,-2.0,-2.0,-1.0,1.0,4.0,1.0,1.0,-5.0,3.0,2.0,3.0,2.0,0.0,0.0,0.0,0.0,-1.0,6.0,-5.0,1.0,3.0,2.0,2.0,-1.0,-1.0,-1.0,2.0,2.0,1.0,-2.0,-2.0,3.0,0.0
Women's casual outer jacket,510219,0.0,2.0,0.0,-1.0,-5.0,-7.0,9.0,6.0,2.0,1.0,-4.0,-5.0,3.0,-3.0,-9.0,5.0,-8.0,4.0,4.0,5.0,7.0,-4.0,-1.0,-13.0,0.0,2.0,6.0,8.0,1.0,-4.0,-4.0,4.0,4.0,2.0,3.0,-6.0,0.0,0.0,0.0,0.0,0.0,-4.0,7.0,3.0,4.0,0.0,1.0,-7.0,3.0,0.0
Women's long sleeve top,510223,4.0,3.0,4.0,3.0,2.0,-7.0,8.0,2.0,-7.0,0.0,-4.0,-10.0,7.0,-1.0,8.0,-7.0,2.0,-6.0,5.0,3.0,3.0,-3.0,-3.0,-11.0,-6.0,4.0,2.0,10.0,3.0,-1.0,-4.0,-3.0,-1.0,2.0,-2.0,-5.0,5.0,1.0,0.0,4.0,-1.0,-5.0,1.0,2.0,0.0,2.0,-2.0,-6.0,7.0,0.0
Women's cardigan,510233,3.0,0.0,-2.0,0.0,-3.0,-4.0,8.0,5.0,3.0,1.0,-3.0,-5.0,0.0,0.0,0.0,2.0,-6.0,1.0,-5.0,11.0,2.0,0.0,-2.0,-8.0,-1.0,3.0,2.0,2.0,5.0,-6.0,0.0,7.0,5.0,0.0,0.0,-2.0,0.0,2.0,2.0,1.0,-1.0,-6.0,5.0,2.0,1.0,2.0,8.0,-8.0,3.0,0.0
Women's casual trousers,510235,3.0,0.0,1.0,3.0,1.0,-6.0,0.0,2.0,5.0,1.0,-3.0,-10.0,6.0,1.0,5.0,-4.0,8.0,-9.0,6.0,-2.0,4.0,-2.0,-5.0,-6.0,-3.0,5.0,2.0,1.0,1.0,-6.0,1.0,-4.0,4.0,3.0,0.0,-3.0,4.0,-1.0,0.0,0.0,0.0,0.0,-3.0,2.0,2.0,-1.0,1.0,-3.0,7.0,0.0
Women's formal trousers,510236,4.0,5.0,2.0,0.0,-3.0,-4.0,3.0,3.0,1.0,-2.0,-4.0,1.0,7.0,-4.0,2.0,3.0,-9.0,7.0,-2.0,1.0,2.0,-1.0,-3.0,-10.0,-5.0,2.0,9.0,-1.0,2.0,-2.0,7.0,0.0,0.0,-1.0,0.0,1.0,0.0,4.0,1.0,-1.0,2.0,-4.0,4.0,3.0,3.0,1.0,-1.0,-4.0,4.0,0.0
Women's casual skirt,510237,5.0,2.0,-5.0,1.0,0.0,-6.0,5.0,7.0,0.0,-1.0,-4.0,-6.0,3.0,1.0,-5.0,-3.0,3.0,-2.0,6.0,-1.0,8.0,-8.0,-1.0,-14.0,-6.0,5.0,6.0,12.0,2.0,-5.0,0.0,-1.0,5.0,4.0,-4.0,-13.0,1.0,5.0,7.0,5.0,0.0,-2.0,-1.0,5.0,-1.0,0.0,2.0,-12.0,5.0,0.0
Women's dress,510245,7.0,4.0,2.0,-2.0,0.0,-8.0,3.0,7.0,2.0,3.0,-3.0,-7.0,3.0,1.0,-10.0,0.0,5.0,-5.0,1.0,5.0,5.0,-8.0,-4.0,-7.0,-7.0,1.0,7.0,11.0,2.0,-6.0,1.0,5.0,3.0,3.0,-3.0,-8.0,7.0,3.0,4.0,0.0,-2.0,-4.0,1.0,9.0,2.0,-4.0,-4.0,-6.0,12.0,0.0
Women's non-branded jeans,510248,11.0,3.0,-3.0,1.0,-2.0,-2.0,2.0,5.0,2.0,0.0,-2.0,-2.0,4.0,-3.0,-2.0,2.0,0.0,2.0,0.0,2.0,4.0,-2.0,0.0,-12.0,-6.0,10.0,1.0,3.0,5.0,1.0,0.0,1.0,0.0,2.0,2.0,-3.0,6.0,3.0,1.0,0.0,-1.0,2.0,1.0,1.0,2.0,-2.0,0.0,1.0,2.0,0.0
Women's coat,510250,-8.0,2.0,2.0,0.0,-1.0,-4.0,4.0,18.0,5.0,3.0,-5.0,-9.0,-4.0,-5.0,-2.0,3.0,0.0,-2.0,0.0,16.0,4.0,-5.0,-1.0,-8.0,-6.0,-2.0,6.0,5.0,1.0,-3.0,0.0,8.0,5.0,1.0,3.0,-11.0,-4.0,0.0,2.0,2.0,-1.0,-2.0,2.0,4.0,4.0,-3.0,-2.0,-5.0,2.0,0.0
Women's casual blouse/shirt,510257,5.0,1.0,2.0,-1.0,-3.0,-7.0,6.0,6.0,-1.0,3.0,-3.0,-9.0,6.0,-4.0,-1.0,-12.0,10.0,-1.0,4.0,3.0,-1.0,-4.0,7.0,-11.0,-3.0,4.0,4.0,5.0,1.0,-4.0,1.0,10.0,-1.0,6.0,-1.0,-4.0,1.0,5.0,4.0,1.0,-5.0,-4.0,2.0,2.0,0.0,5.0,-3.0,-12.0,9.0,0.0
Women's full length leggings,510258,1.0,0.0,1.0,2.0,-3.0,0.0,-2.0,4.0,0.0,1.0,-3.0,1.0,1.0,3.0,1.0,-2.0,0.0,-2.0,-1.0,2.0,4.0,-4.0,1.0,4.0,-1.0,2.0,1.0,-1.0,0.0,-2.0,-1.0,-1.0,1.0,0.0,-1.0,0.0,3.0,-2.0,2.0,3.0,-1.0,1.0,2.0,2.0,2.0,1.0,0.0,-2.0,5.0,0.0
Women's short-sleeve/sleeveless formal top,510259,1.0,2.0,6.0,-1.0,-6.0,-2.0,6.0,4.0,-2.0,6.0,-2.0,-14.0,7.0,9.0,-3.0,4.0,-5.0,-8.0,-5.0,3.0,8.0,-6.0,-6.0,-8.0,-3.0,5.0,10.0,-3.0,6.0,0.0,-1.0,-5.0,1.0,9.0,-5.0,-12.0,5.0,11.0,4.0,1.0,-1.0,-3.0,0.0,5.0,-2.0,5.0,-3.0,-13.0,4.0,0.0
Women's nightdress/pyjamas,510405,7.0,-3.0,3.0,-2.0,-1.0,-10.0,1.0,5.0,2.0,3.0,-1.0,-2.0,-1.0,-1.0,2.0,-2.0,-2.0,6.0,-3.0,2.0,2.0,-2.0,-2.0,-2.0,0.0,7.0,-2.0,0.0,-1.0,-3.0,0.0,3.0,5.0,2.0,-2.0,-4.0,4.0,-1.0,5.0,-2.0,-2.0,-3.0,0.0,7.0,1.0,2.0,-2.0,-6.0,7.0,0.0
Women's pants,510406,0.0,-1.0,1.0,1.0,0.0,-2.0,0.0,3.0,-1.0,2.0,1.0,-2.0,1.0,0.0,0.0,1.0,-1.0,2.0,0.0,0.0,0.0,2.0,-1.0,2.0,0.0,-1.0,0.0,1.0,0.0,-2.0,0.0,0.0,2.0,0.0,0.0,2.0,0.0,1.0,-1.0,0.0,0.0,0.0,0.0,2.0,0.0,1.0,1.0,-1.0,3.0,0.0
Bra,510407,1.0,-1.0,0.0,1.0,0.0,-3.0,1.0,2.0,-1.0,2.0,-1.0,0.0,0.0,-1.0,4.0,-5.0,8.0,0.0,-1.0,1.0,0.0,-2.0,0.0,-1.0,0.0,-1.0,2.0,-2.0,3.0,-1.0,-2.0,1.0,2.0,2.0,-2.0,2.0,0.0,-1.0,1.0,-1.0,0.0,-1.0,-1.0,3.0,2.0,-1.0,0.0,0.0,4.0,0.0
Women's sandals,510506,4.0,3.0,2.0,-1.0,-2.0,-7.0,-5.0,2.0,2.0,5.0,-1.0,-6.0,5.0,1.0,-5.0,-1.0,-2.0,-1.0,-2.0,-1.0,4.0,3.0,0.0,-9.0,0.0,5.0,3.0,1.0,-2.0,-4.0,-4.0,-2.0,9.0,-1.0,0.0,0.0,4.0,4.0,1.0,1.0,-2.0,-3.0,-5.0,6.0,-1.0,4.0,-2.0,-5.0,2.0,0.0
Women's boots,510529,-5.0,-3.0,1.0,-4.0,-2.0,-1.0,11.0,4.0,5.0,-2.0,-1.0,-11.0,-4.0,2.0,1.0,5.0,-3.0,2.0,1.0,5.0,3.0,-5.0,0.0,-14.0,-6.0,0.0,3.0,-2.0,2.0,-3.0,5.0,4.0,0.0,2.0,1.0,-3.0,-10.0,0.0,2.0,4.0,2.0,2.0,4.0,3.0,2.0,-2.0,-3.0,-2.0,-2.0,0.0
Women's flat shoes,510530,1.0,2.0,0.0,1.0,-3.0,0.0,2.0,1.0,0.0,1.0,-1.0,-2.0,2.0,0.0,-3.0,1.0,-2.0,3.0,1.0,2.0,-1.0,-1.0,-1.0,-6.0,-1.0,6.0,2.0,4.0,0.0,-3.0,-1.0,2.0,0.0,0.0,-1.0,-3.0,2.0,1.0,1.0,1.0,-3.0,-2.0,1.0,4.0,0.0,1.0,-3.0,0.0,2.0,0.0
Draught bitter,310102,0.0,0.0,1.0,0.0,0.0,0.0,0.0,0.0,0.0,0.0,0.0,0.0,0.0,0.0,0.0,0.0,0.0,3.0,-2.0,0.0,0.0,0.0,0.0,0.0,0.0,0.0,0.0,0.0,0.0,0.0,0.0,0.0,2.0,-1.0,0.0,0.0,0.0,2.0,1.0,0.0,0.0,1.0,0.0,-1.0,1.0,2.0,0.0,-2.0,4.0,
Draught lager (3.4-4.2%),310109,0.0,0.0,0.0,0.0,0.0,0.0,0.0,0.0,0.0,0.0,0.0,0.0,0.0,0.0,0.0,0.0,0.0,2.0,0.0,0.0,0.0,0.0,1.0,0.0,0.0,0.0,0.0,1.0,0.0,0.0,0.0,0.0,1.0,1.0,0.0,0.0,0.0,1.0,1.0,0.0,0.0,0.0,0.0,0.0,0.0,1.0,1.0,-1.0,3.0,
Draught premium lager (4.3-7.5%),310110,0.0,0.0,0.0,0.0,0.0,0.0,0.0,0.0,0.0,0.0,0.0,0.0,0.0,0.0,0.0,0.0,0.0,1.0,0.0,0.0,0.0,0.0,-1.0,0.0,0.0,0.0,0.0,1.0,0.0,0.0,0.0,0.0,1.0,0.0,0.0,0.0,0.0,1.0,2.0,0.0,0.0,0.0,1.0,0.0,0.0,2.0,1.0,0.0,2.0,
Bottled premium lager (4.3-7.5%),310111,0.0,1.0,0.0,0.0,0.0,0.0,0.0,0.0,0.0,0.0,0.0,0.0,0.0,1.0,0.0,0.0,0.0,1.0,1.0,0.0,0.0,0.0,1.0,0.0,0.0,0.0,0.0,2.0,0.0,0.0,0.0,0.0,1.0,-1.0,1.0,0.0,0.0,2.0,2.0,0.0,0.0,0.0,1.0,0.0,0.0,1.0,1.0,0.0,2.0,
Cider (4.5-5.5%),310114,0.0,1.0,0.0,0.0,0.0,0.0,0.0,0.0,0.0,0.0,0.0,0.0,0.0,0.0,0.0,0.0,0.0,2.0,0.0,0.0,0.0,0.0,0.0,0.0,0.0,0.0,0.0,1.0,-1.0,0.0,0.0,0.0,2.0,0.0,0.0,-1.0,0.0,1.0,2.0,0.0,0.0,0.0,0.0,0.0,0.0,1.0,1.0,-2.0,4.0,
Whiskey,310301,0.0,1.0,0.0,0.0,0.0,0.0,0.0,0.0,0.0,0.0,0.0,0.0,0.0,0.0,0.0,0.0,0.0,2.0,0.0,-2.0,0.0,0.0,0.0,0.0,0.0,0.0,0.0,-1.0,1.0,3.0,1.0,0.0,1.0,-16.0,0.0,-1.0,1.0,9.0,2.0,0.0,1.0,0.0,0.0,-5.0,0.0,8.0,1.0,-7.0,8.0,
Vodka,310302,0.0,0.0,1.0,0.0,0.0,0.0,0.0,0.0,1.0,0.0,0.0,0.0,0.0,0.0,0.0,0.0,0.0,2.0,0.0,-3.0,0.0,0.0,-2.0,0.0,0.0,0.0,0.0,1.0,0.0,3.0,1.0,1.0,1.0,1.0,1.0,1.0,0.0,1.0,2.0,0.0,0.0,0.0,1.0,0.0,1.0,1.0,1.0,0.0,2.0,
Bottle of mixer,310306,0.0,0.0,0.0,0.0,0.0,0.0,0.0,0.0,0.0,0.0,0.0,0.0,0.0,0.0,0.0,0.0,0.0,2.0,-13.0,14.0,1.0,0.0,0.0,0.0,0.0,0.0,0.0,1.0,1.0,0.0,0.0,0.0,-2.0,0.0,1.0,0.0,0.0,0.0,1.0,0.0,0.0,0.0,0.0,0.0,0.0,0.0,0.0,0.0,2.0,
Liqueur,310307,0.0,0.0,0.0,0.0,0.0,0.0,0.0,0.0,0.0,0.0,0.0,0.0,0.0,0.0,0.0,0.0,0.0,2.0,0.0,-4.0,-1.0,0.0,-4.0,0.0,0.0,0.0,0.0,1.0,0.0,5.0,1.0,1.0,2.0,0.0,1.0,1.0,0.0,1.0,2.0,0.0,0.0,0.0,1.0,0.0,1.0,1.0,1.0,0.0,2.0,
Bottle of wine,310315,0.0,0.0,0.0,0.0,0.0,0.0,0.0,0.0,0.0,0.0,0.0,0.0,0.0,0.0,0.0,0.0,0.0,1.0,0.0,1.0,0.0,0.0,7.0,0.0,0.0,0.0,0.0,2.0,0.0,0.0,0.0,0.0,0.0,0.0,0.0,0.0,0.0,0.0,1.0,0.0,1.0,0.0,0.0,1.0,0.0,0.0,1.0,0.0,1.0,
Gin,310316,,,,,,,,,,,,,,,,,,,,,,,,,,,,,,,,,,,,,,,,,,,,,,,,,,
Takeaway fish and chips,220301,1.0,0.0,1.0,0.0,0.0,0.0,0.0,1.0,0.0,0.0,0.0,0.0,0.0,0.0,-1.0,-1.0,2.0,2.0,0.0,0.0,0.0,0.0,0.0,0.0,0.0,0.0,0.0,0.0,1.0,0.0,0.0,1.0,1.0,1.0,1.0,1.0,1.0,1.0,4.0,3.0,1.0,1.0,1.0,1.0,2.0,0.0,1.0,1.0,1.0,
Takeaway cold sandwich,220303,0.0,0.0,1.0,0.0,1.0,0.0,0.0,0.0,0.0,2.0,0.0,1.0,1.0,1.0,2.0,0.0,0.0,0.0,-1.0,0.0,1.0,1.0,-1.0,0.0,0.0,1.0,0.0,0.0,-1.0,0.0,0.0,0.0,1.0,1.0,1.0,2.0,0.0,1.0,1.0,0.0,2.0,1.0,0.0,0.0,2.0,0.0,0.0,1.0,1.0,
Takeaway or delivery pizza,220316,-1.0,0.0,0.0,1.0,0.0,0.0,0.0,0.0,0.0,1.0,0.0,0.0,0.0,0.0,7.0,0.0,0.0,1.0,-6.0,0.0,0.0,2.0,0.0,1.0,0.0,0.0,0.0,0.0,-1.0,0.0,0.0,0.0,0.0,0.0,0.0,0.0,0.0,0.0,2.0,1.0,1.0,2.0,0.0,0.0,2.0,1.0,1.0,1.0,1.0,
"Indian takeaway, main-course",220318,0.0,0.0,0.0,0.0,0.0,0.0,1.0,0.0,0.0,0.0,0.0,0.0,0.0,0.0,3.0,-1.0,0.0,0.0,-3.0,1.0,0.0,0.0,0.0,1.0,0.0,0.0,0.0,-1.0,1.0,0.0,0.0,0.0,0.0,1.0,0.0,0.0,0.0,0.0,1.0,2.0,1.0,0.0,1.0,1.0,0.0,0.0,1.0,0.0,0.0,
"Chinese takeaway, main-course",220319,0.0,0.0,0.0,0.0,0.0,0.0,0.0,0.0,0.0,0.0,0.0,1.0,0.0,0.0,2.0,-1.0,1.0,0.0,0.0,0.0,0.0,2.0,0.0,0.0,0.0,0.0,0.0,-1.0,1.0,1.0,0.0,0.0,1.0,0.0,1.0,1.0,0.0,0.0,1.0,1.0,1.0,1.0,1.0,0.0,1.0,1.0,1.0,0.0,0.0,
Takeaway soft drink,220320,1.0,0.0,0.0,1.0,0.0,0.0,0.0,0.0,0.0,1.0,-1.0,2.0,2.0,0.0,1.0,0.0,3.0,-1.0,-2.0,0.0,1.0,0.0,0.0,0.0,1.0,0.0,-1.0,-1.0,1.0,-1.0,0.0,0.0,0.0,0.0,2.0,1.0,3.0,0.0,1.0,1.0,1.0,0.0,0.0,1.0,2.0,2.0,0.0,0.0,1.0,
Takeaway kebab,220323,0.0,0.0,0.0,0.0,0.0,0.0,0.0,0.0,0.0,0.0,0.0,0.0,0.0,0.0,2.0,0.0,0.0,0.0,0.0,1.0,0.0,0.0,0.0,1.0,1.0,0.0,0.0,-1.0,1.0,0.0,0.0,0.0,1.0,0.0,1.0,1.0,1.0,1.0,3.0,1.0,2.0,1.0,1.0,0.0,1.0,1.0,0.0,1.0,1.0,
Takeaway chicken & chips,220326,0.0,0.0,1.0,1.0,0.0,0.0,0.0,0.0,0.0,1.0,0.0,0.0,0.0,0.0,1.0,2.0,1.0,0.0,-3.0,0.0,0.0,2.0,1.0,0.0,1.0,0.0,0.0,0.0,0.0,0.0,1.0,0.0,1.0,0.0,0.0,1.0,0.0,1.0,2.0,3.0,1.0,1.0,1.0,0.0,2.0,1.0,1.0,0.0,1.0,
Takeaway cooked pastry,220327,1.0,0.0,0.0,0.0,0.0,0.0,2.0,0.0,0.0,0.0,0.0,0.0,0.0,1.0,0.0,-1.0,2.0,2.0,-1.0,0.0,0.0,-1.0,0.0,1.0,0.0,-1.0,0.0,0.0,0.0,1.0,0.0,0.0,0.0,0.0,0.0,3.0,0.0,1.0,0.0,1.0,3.0,0.0,1.0,0.0,3.0,1.0,0.0,3.0,1.0,
Takeaway or eat in burger,220328,,,,,,,,,,,,,,,,,,,,,,,,,,,,,,,,,,,,,,,,,,,,,,,,,,
Pub hot meal,220107,0.0,0.0,1.0,0.0,0.0,0.0,0.0,0.0,0.0,0.0,0.0,0.0,0.0,0.0,2.0,0.0,-2.0,0.0,-16.0,18.0,1.0,0.0,1.0,0.0,0.0,0.0,0.0,0.0,0.0,-1.0,0.0,0.0,3.0,0.0,0.0,0.0,0.0,1.0,3.0,1.0,1.0,1.0,2.0,0.0,1.0,1.0,0.0,0.0,3.0,
Lemonade/Cola on tap,220116,1.0,0.0,0.0,0.0,0.0,0.0,0.0,0.0,0.0,0.0,0.0,0.0,1.0,0.0,0.0,0.0,0.0,1.0,-16.0,13.0,1.0,0.0,2.0,0.0,0.0,0.0,0.0,-1.0,0.0,0.0,0.0,0.0,2.0,0.0,1.0,0.0,0.0,1.0,2.0,0.0,0.0,0.0,0.0,0.0,0.0,1.0,1.0,-8.0,9.0,
Bottled mineral water,220117,0.0,0.0,0.0,0.0,0.0,0.0,0.0,0.0,0.0,0.0,0.0,0.0,1.0,0.0,0.0,0.0,0.0,0.0,-18.0,14.0,1.0,0.0,0.0,0.0,0.0,0.0,0.0,0.0,-1.0,0.0,0.0,0.0,2.0,0.0,1.0,1.0,0.0,0.0,2.0,1.0,0.0,0.0,2.0,0.0,0.0,3.0,0.0,0.0,2.0,
In store cafeteria meal,220120,0.0,0.0,1.0,0.0,0.0,0.0,0.0,0.0,1.0,1.0,0.0,0.0,0.0,0.0,0.0,0.0,0.0,1.0,-18.0,15.0,1.0,0.0,4.0,0.0,0.0,0.0,0.0,0.0,7.0,0.0,0.0,0.0,2.0,1.0,0.0,1.0,0.0,0.0,3.0,2.0,1.0,1.0,2.0,0.0,2.0,0.0,0.0,0.0,0.0,
Restaurant cup of coffee,220121,0.0,0.0,0.0,0.0,0.0,0.0,0.0,0.0,0.0,1.0,0.0,0.0,1.0,0.0,0.0,0.0,0.0,1.0,-16.0,16.0,1.0,0.0,1.0,0.0,0.0,0.0,0.0,0.0,3.0,0.0,0.0,1.0,1.0,1.0,0.0,-1.0,1.0,1.0,2.0,0.0,1.0,0.0,1.0,0.0,1.0,1.0,1.0,1.0,1.0,
Restaurant sweet course,220122,1.0,0.0,0.0,0.0,0.0,0.0,0.0,0.0,0.0,0.0,0.0,0.0,1.0,0.0,2.0,0.0,-2.0,-1.0,-14.0,15.0,0.0,0.0,1.0,0.0,0.0,0.0,0.0,3.0,0.0,-1.0,0.0,0.0,1.0,1.0,1.0,0.0,0.0,1.0,3.0,0.0,1.0,1.0,0.0,0.0,0.0,1.0,1.0,0.0,1.0,
Muffin/individual cake,220124,0.0,0.0,0.0,0.0,0.0,0.0,0.0,1.0,0.0,1.0,0.0,0.0,1.0,0.0,0.0,2.0,-2.0,2.0,-13.0,11.0,1.0,0.0,1.0,0.0,0.0,0.0,0.0,3.0,0.0,0.0,0.0,1.0,1.0,1.0,0.0,1.0,0.0,2.0,2.0,0.0,1.0,0.0,2.0,1.0,1.0,1.0,0.0,1.0,1.0,
Fruit juice,220125,0.0,0.0,0.0,0.0,0.0,0.0,0.0,0.0,0.0,0.0,0.0,0.0,0.0,0.0,0.0,0.0,0.0,1.0,-16.0,13.0,2.0,0.0,1.0,0.0,0.0,0.0,0.0,0.0,0.0,0.0,0.0,0.0,2.0,0.0,1.0,0.0,0.0,0.0,1.0,0.0,0.0,0.0,1.0,0.0,0.0,1.0,1.0,0.0,2.0,
Restaurant main course,220128,0.0,0.0,0.0,0.0,0.0,0.0,0.0,0.0,0.0,0.0,0.0,0.0,1.0,0.0,2.0,0.0,-2.0,1.0,-14.0,14.0,0.0,0.0,2.0,0.0,0.0,0.0,0.0,4.0,0.0,0.0,1.0,-1.0,1.0,1.0,1.0,0.0,1.0,0.0,2.0,1.0,0.0,1.0,1.0,1.0,1.0,1.0,1.0,1.0,1.0,
Crisps (eating out),220310,0.0,0.0,0.0,0.0,0.0,0.0,1.0,0.0,0.0,0.0,0.0,0.0,0.0,0.0,0.0,0.0,0.0,1.0,-13.0,15.0,1.0,0.0,0.0,0.0,0.0,0.0,0.0,1.0,1.0,0.0,0.0,0.0,0.0,0.0,0.0,0.0,0.0,0.0,1.0,0.0,0.0,0.0,0.0,0.0,1.0,2.0,1.0,0.0,1.0,
Primary school meal (fixed charges),220209,0.0,0.0,0.0,1.0,0.0,0.0,0.0,1.0,0.0,0.0,0.0,0.0,0.0,0.0,-2.0,1.0,0.0,1.0,0.0,1.0,0.0,0.0,0.0,0.0,0.0,0.0,0.0,0.0,0.0,0.0,0.0,1.0,0.0,0.0,0.0,1.0,0.0,0.0,0.0,1.0,0.0,0.0,0.0,1.0,0.0,0.0,0.0,1.0,0.0,
Secondary school (cafeteria),220210,0.0,0.0,0.0,1.0,0.0,0.0,0.0,0.0,0.0,0.0,0.0,1.0,0.0,0.0,-2.0,1.0,0.0,2.0,0.0,-1.0,0.0,0.0,0.0,0.0,0.0,0.0,0.0,0.0,0.0,0.0,0.0,1.0,0.0,0.0,0.0,0.0,0.0,0.0,0.0,1.0,0.0,0.0,0.0,2.0,0.0,0.0,0.0,1.0,0.0,
Spectacle frames with lens,520138,0.0,0.0,0.0,0.0,0.0,0.0,-1.0,0.0,0.0,0.0,0.0,0.0,0.0,0.0,-1.0,1.0,0.0,0.0,-1.0,0.0,0.0,0.0,1.0,-1.0,0.0,0.0,0.0,1.0,0.0,0.0,0.0,0.0,0.0,0.0,0.0,-1.0,0.0,0.0,0.0,0.0,0.0,0.0,1.0,0.0,0.0,0.0,1.0,0.0,0.0,0.0
Daily disposable soft lenses,520139,0.0,0.0,0.0,0.0,0.0,0.0,0.0,0.0,0.0,0.0,0.0,0.0,0.0,0.0,-5.0,-10.0,12.0,0.0,3.0,1.0,0.0,-1.0,-1.0,0.0,-1.0,-1.0,1.0,1.0,1.0,0.0,0.0,0.0,0.0,0.0,0.0,0.0,0.0,0.0,0.0,0.0,0.0,1.0,0.0,0.0,0.0,0.0,0.0,0.0,0.0,0.0
Sunscreen,520235,-9.0,-1.0,-3.0,-3.0,0.0,0.0,0.0,2.0,10.0,3.0,2.0,-1.0,2.0,-8.0,-4.0,1.0,-1.0,-2.0,3.0,0.0,5.0,2.0,0.0,0.0,0.0,-2.0,-2.0,-1.0,-1.0,-1.0,0.0,1.0,0.0,4.0,1.0,-6.0,1.0,0.0,0.0,-8.0,0.0,-2.0,8.0,2.0,5.0,2.0,2.0,-1.0,2.0,0.0
Cold/flu drink powder sachets,520242,0.0,1.0,0.0,0.0,0.0,0.0,1.0,-1.0,-1.0,1.0,0.0,0.0,2.0,3.0,1.0,-1.0,1.0,0.0,-1.0,-2.0,-1.0,4.0,-3.0,0.0,-2.0,3.0,1.0,2.0,0.0,0.0,0.0,0.0,-2.0,0.0,0.0,-1.0,0.0,1.0,2.0,-1.0,0.0,1.0,3.0,3.0,0.0,0.0,3.0,7.0,0.0,0.0
Cough syrup,520251,2.0,5.0,2.0,0.0,0.0,-1.0,2.0,0.0,-4.0,0.0,-3.0,-3.0,5.0,5.0,-2.0,0.0,5.0,-1.0,-2.0,-1.0,-2.0,0.0,-8.0,2.0,1.0,3.0,3.0,-1.0,2.0,0.0,0.0,-3.0,0.0,-2.0,0.0,2.0,0.0,3.0,1.0,1.0,1.0,0.0,2.0,0.0,-4.0,2.0,0.0,2.0,6.0,0.0
Tissues,520213,0.0,1.0,0.0,0.0,1.0,-3.0,3.0,-1.0,1.0,0.0,9.0,-8.0,-1.0,1.0,0.0,1.0,0.0,0.0,0.0,1.0,0.0,0.0,-1.0,-2.0,-1.0,-1.0,1.0,-1.0,0.0,-2.0,2.0,-1.0,0.0,0.0,0.0,0.0,1.0,2.0,2.0,1.0,2.0,1.0,5.0,2.0,0.0,3.0,1.0,1.0,-1.0,0.0
Deodorant/anti perspirant,520216,-4.0,-1.0,-1.0,1.0,0.0,-1.0,3.0,2.0,-4.0,1.0,-9.0,8.0,4.0,-3.0,2.0,-2.0,-1.0,1.0,-5.0,-8.0,0.0,0.0,5.0,-1.0,2.0,-5.0,0.0,-1.0,5.0,-5.0,5.0,-6.0,2.0,3.0,-1.0,2.0,0.0,3.0,-2.0,2.0,2.0,2.0,0.0,0.0,1.0,-3.0,4.0,-2.0,0.0,0.0
Mascara,520223,-1.0,2.0,0.0,0.0,1.0,-5.0,5.0,-1.0,2.0,1.0,1.0,0.0,-1.0,2.0,-3.0,4.0,0.0,-1.0,0.0,1.0,2.0,-1.0,1.0,1.0,-1.0,1.0,-1.0,0.0,1.0,0.0,-1.0,1.0,0.0,0.0,0.0,-13.0,-1.0,1.0,21.0,0.0,3.0,-2.0,1.0,3.0,1.0,0.0,3.0,-1.0,1.0,0.0
Shampoo,520226,1.0,-2.0,4.0,-1.0,-4.0,5.0,-1.0,2.0,-1.0,-1.0,-13.0,16.0,-5.0,6.0,2.0,0.0,-7.0,1.0,-2.0,-2.0,5.0,1.0,-10.0,10.0,-3.0,4.0,-6.0,5.0,-4.0,7.0,-6.0,0.0,8.0,-6.0,6.0,-2.0,1.0,4.0,-4.0,-2.0,3.0,1.0,-1.0,7.0,1.0,-5.0,5.0,4.0,-2.0,0.0
Women's permanent hair colourant,520236,1.0,-1.0,-1.0,0.0,0.0,-1.0,1.0,1.0,-1.0,1.0,0.0,1.0,-2.0,1.0,1.0,2.0,-1.0,-1.0,0.0,0.0,0.0,-1.0,0.0,0.0,1.0,-1.0,0.0,0.0,0.0,0.0,-2.0,2.0,1.0,0.0,-3.0,0.0,5.0,-1.0,1.0,0.0,1.0,1.0,-1.0,0.0,2.0,0.0,0.0,2.0,-1.0,0.0
Hair gel,520237,2.0,-3.0,1.0,2.0,-1.0,1.0,0.0,-1.0,0.0,0.0,0.0,1.0,2.0,-1.0,-1.0,2.0,-1.0,-2.0,2.0,1.0,-2.0,4.0,-2.0,-1.0,1.0,-1.0,1.0,-1.0,0.0,-1.0,2.0,0.0,2.0,-1.0,0.0,-1.0,2.0,1.0,1.0,-1.0,3.0,-1.0,0.0,3.0,0.0,0.0,3.0,1.0,0.0,0.0
Razor cartridge blades,520241,0.0,-1.0,0.0,0.0,-1.0,1.0,1.0,0.0,1.0,0.0,0.0,0.0,-1.0,-1.0,1.0,-1.0,-1.0,2.0,-2.0,1.0,0.0,-1.0,0.0,3.0,1.0,1.0,1.0,0.0,0.0,-1.0,-1.0,0.0,3.0,-1.0,0.0,0.0,0.0,1.0,-2.0,0.0,2.0,-1.0,0.0,0.0,0.0,-1.0,1.0,0.0,1.0,0.0
Liquid foundation,520243,-1.0,0.0,0.0,0.0,1.0,1.0,0.0,-2.0,2.0,0.0,3.0,0.0,1.0,0.0,-2.0,4.0,0.0,-2.0,2.0,0.0,2.0,-2.0,1.0,0.0,0.0,0.0,-1.0,2.0,0.0,-1.0,0.0,0.0,0.0,0.0,0.0,1.0,0.0,-1.0,3.0,-1.0,1.0,0.0,1.0,0.0,-2.0,0.0,2.0,0.0,0.0,0.0
Liquid soap,520247,3.0,-7.0,5.0,-3.0,1.0,-2.0,6.0,-5.0,3.0,0.0,-4.0,5.0,-1.0,-1.0,2.0,0.0,1.0,8.0,-2.0,-7.0,4.0,-3.0,-10.0,2.0,4.0,-3.0,-2.0,2.0,1.0,1.0,-1.0,-2.0,-1.0,2.0,-3.0,4.0,-6.0,6.0,1.0,-2.0,3.0,-2.0,2.0,-3.0,8.0,-1.0,3.0,-1.0,5.0,0.0
Nail varnish,520250,-2.0,0.0,-1.0,-1.0,2.0,2.0,1.0,-3.0,6.0,2.0,2.0,1.0,0.0,-1.0,-2.0,2.0,1.0,-2.0,2.0,0.0,-1.0,0.0,1.0,1.0,-2.0,0.0,2.0,-2.0,1.0,0.0,-1.0,1.0,1.0,-2.0,2.0,-1.0,-1.0,2.0,-1.0,2.0,4.0,0.0,0.0,0.0,0.0,0.0,1.0,0.0,0.0,0.0
Mouthwash,520255,,,,,,,,,,,,,,,,,,,,,,,,,,,,,,,,,,,,,,,,,,,,,,,,,,
Double duvet,430211,4.0,1.0,-2.0,2.0,-1.0,-2.0,1.0,1.0,-1.0,2.0,1.0,-6.0,5.0,-1.0,-1.0,5.0,-3.0,1.0,-1.0,0.0,-1.0,2.0,-3.0,-1.0,3.0,-1.0,0.0,0.0,-2.0,3.0,2.0,2.0,2.0,-1.0,1.0,-2.0,2.0,0.0,-2.0,3.0,2.0,-1.0,0.0,1.0,2.0,2.0,1.0,-4.0,4.0,0.0
Duvet cover,430216,5.0,2.0,-5.0,2.0,0.0,-5.0,5.0,4.0,-6.0,4.0,0.0,-5.0,2.0,-1.0,-4.0,7.0,-2.0,-1.0,2.0,-2.0,0.0,1.0,-2.0,-3.0,3.0,0.0,0.0,1.0,0.0,-3.0,2.0,1.0,2.0,0.0,0.0,-4.0,6.0,0.0,1.0,1.0,-1.0,0.0,1.0,1.0,2.0,1.0,1.0,-4.0,3.0,0.0
Fitted bed sheet,430224,1.0,2.0,-1.0,3.0,0.0,-3.0,1.0,1.0,-3.0,5.0,0.0,-6.0,3.0,0.0,-8.0,4.0,1.0,1.0,4.0,-4.0,0.0,5.0,-3.0,2.0,2.0,-1.0,0.0,-1.0,2.0,-2.0,2.0,0.0,1.0,1.0,0.0,-4.0,5.0,2.0,0.0,0.0,0.0,1.0,2.0,-2.0,1.0,3.0,0.0,-3.0,3.0,0.0
Tufted carpet (synthetic),430233,0.0,1.0,1.0,0.0,0.0,1.0,-1.0,2.0,-1.0,0.0,1.0,-1.0,-1.0,1.0,4.0,0.0,-3.0,0.0,-1.0,2.0,-1.0,3.0,1.0,-1.0,4.0,0.0,-3.0,5.0,2.0,2.0,-2.0,3.0,-3.0,2.0,1.0,3.0,2.0,-5.0,5.0,-2.0,5.0,-3.0,3.0,-1.0,-1.0,3.0,2.0,3.0,2.0,0.0
Tufted carpet (wool),430234,-2.0,3.0,0.0,0.0,1.0,-1.0,-2.0,3.0,-2.0,3.0,1.0,-1.0,-1.0,1.0,-1.0,2.0,2.0,-4.0,2.0,-1.0,0.0,1.0,2.0,2.0,1.0,2.0,-2.0,1.0,2.0,-2.0,2.0,1.0,-3.0,1.0,2.0,-1.0,2.0,3.0,0.0,0.0,4.0,-3.0,2.0,1.0,-2.0,3.0,-1.0,4.0,1.0,0.0
Rug,430235,1.0,1.0,-2.0,0.0,1.0,-2.0,2.0,2.0,-2.0,2.0,-2.0,0.0,1.0,0.0,-1.0,2.0,0.0,-1.0,-1.0,2.0,-1.0,-1.0,2.0,-1.0,1.0,0.0,0.0,-1.0,1.0,-1.0,1.0,1.0,0.0,0.0,1.0,-3.0,2.0,1.0,-3.0,3.0,-1.0,-1.0,2.0,2.0,1.0,0.0,4.0,0.0,1.0,0.0
Luxury vinyl tile,430237,,,,,,,,,,,,,,,,,,,,,,,,,,,,,,,,,,,,,,,,,,,,,,,,,,
Dinner plate,430425,,,,,,,,,,,,,,,,,,,,,,,,,,,,,,,,,,,,,,,,,,,,,,,,,,
Plain glass tumbler,430422,1.0,0.0,0.0,1.0,0.0,-3.0,-1.0,0.0,0.0,0.0,0.0,-4.0,0.0,1.0,-5.0,0.0,0.0,3.0,1.0,0.0,1.0,2.0,-3.0,-2.0,1.0,0.0,-1.0,1.0,-1.0,1.0,0.0,0.0,1.0,2.0,-1.0,4.0,3.0,1.0,-1.0,0.0,0.0,2.0,-2.0,3.0,3.0,0.0,-1.0,0.0,4.0,0.0
Flower vase,520118,1.0,-1.0,0.0,0.0,0.0,-2.0,0.0,1.0,-4.0,2.0,1.0,-4.0,3.0,-2.0,-3.0,2.0,3.0,-3.0,0.0,2.0,-4.0,-1.0,1.0,0.0,0.0,2.0,0.0,0.0,0.0,0.0,3.0,0.0,1.0,4.0,1.0,1.0,-1.0,3.0,0.0,1.0,0.0,-1.0,1.0,0.0,0.0,2.0,-6.0,-5.0,1.0,0.0
Household cleaner liquid,430509,-4.0,5.0,-1.0,-5.0,5.0,0.0,-5.0,5.0,-4.0,-1.0,0.0,5.0,0.0,0.0,0.0,2.0,0.0,0.0,-1.0,-1.0,4.0,-5.0,-4.0,0.0,2.0,-4.0,3.0,-1.0,3.0,-4.0,3.0,-4.0,0.0,4.0,-1.0,2.0,0.0,0.0,12.0,0.0,-3.0,3.0,2.0,5.0,3.0,1.0,2.0,-5.0,4.0,0.0
Bleach,430529,2.0,0.0,2.0,0.0,0.0,0.0,0.0,-1.0,0.0,0.0,1.0,2.0,3.0,-5.0,-1.0,-1.0,0.0,0.0,0.0,-3.0,0.0,-1.0,0.0,1.0,0.0,0.0,0.0,0.0,0.0,0.0,1.0,1.0,0.0,0.0,2.0,1.0,2.0,1.0,1.0,-2.0,0.0,2.0,2.0,1.0,7.0,1.0,0.0,2.0,0.0,0.0
Kitchen roll,430533,-3.0,4.0,-2.0,0.0,1.0,2.0,-5.0,5.0,3.0,-2.0,0.0,0.0,1.0,-1.0,4.0,0.0,-5.0,-4.0,3.0,2.0,4.0,-2.0,2.0,1.0,1.0,-1.0,-1.0,1.0,0.0,2.0,1.0,1.0,-3.0,2.0,-1.0,1.0,-1.0,3.0,1.0,11.0,1.0,4.0,0.0,5.0,2.0,4.0,0.0,-2.0,3.0,0.0
Washing detergent,430540,,,,,,,,,,,,,,,,,,,,,,,,,,,,,,,,,,,,,,,,,,,,,,,,,,
Antibacterial surface wipes,430542,,,,,,,,,,,,,,,,,,,,,,,,,,,,,,,,,,,,,,,,,,,,,,,,,,
Bin liners for kitchen use,430543,,,,,,,,,,,,,,,,,,,,,,,,,,,,,,,,,,,,,,,,,,,,,,,,,,
Washing up liquid,430507,2.0,2.0,-1.0,-2.0,1.0,0.0,-1.0,-2.0,2.0,2.0,-1.0,-2.0,2.0,0.0,-3.0,0.0,0.0,1.0,0.0,-4.0,-2.0,2.0,-6.0,0.0,0.0,3.0,0.0,-3.0,1.0,1.0,0.0,1.0,-3.0,3.0,0.0,4.0,1.0,3.0,0.0,2.0,1.0,1.0,5.0,0.0,-1.0,2.0,-3.0,2.0,0.0,0.0
Fabric conditioner,430531,5.0,0.0,-4.0,1.0,2.0,0.0,1.0,-3.0,-1.0,2.0,-2.0,3.0,-1.0,-2.0,-3.0,2.0,1.0,-5.0,8.0,-5.0,5.0,4.0,-6.0,4.0,-2.0,6.0,-2.0,-4.0,5.0,-5.0,2.0,1.0,2.0,-4.0,3.0,0.0,4.0,-2.0,3.0,-4.0,5.0,5.0,-1.0,-2.0,0.0,-1.0,3.0,-5.0,6.0,0.0
Gas cooker,430414,2.0,-2.0,0.0,2.0,-2.0,2.0,0.0,0.0,-5.0,2.0,-2.0,-9.0,1.0,-1.0,-1.0,2.0,-1.0,-1.0,3.0,-1.0,-1.0,2.0,0.0,-1.0,1.0,2.0,0.0,1.0,1.0,0.0,1.0,0.0,0.0,1.0,0.0,1.0,2.0,1.0,-2.0,4.0,-2.0,1.0,6.0,-2.0,3.0,-3.0,3.0,-2.0,5.0,0.0
Electric cooker,430304,2.0,2.0,-2.0,2.0,0.0,0.0,0.0,1.0,-1.0,-1.0,3.0,-4.0,5.0,-2.0,0.0,-1.0,2.0,1.0,-1.0,0.0,-2.0,3.0,0.0,-2.0,-1.0,1.0,4.0,1.0,0.0,0.0,1.0,-1.0,2.0,1.0,1.0,-1.0,7.0,-2.0,-1.0,4.0,0.0,-1.0,2.0,-1.0,3.0,-1.0,1.0,-4.0,7.0,0.0
Small milk pan,430407,7.0,1.0,-4.0,3.0,1.0,-5.0,1.0,-2.0,1.0,0.0,3.0,-4.0,5.0,-2.0,-1.0,1.0,-4.0,2.0,4.0,-5.0,-1.0,0.0,2.0,-4.0,0.0,2.0,2.0,-3.0,1.0,1.0,2.0,-5.0,10.0,1.0,0.0,9.0,1.0,1.0,1.0,1.0,2.0,1.0,-1.0,1.0,-1.0,0.0,0.0,-2.0,2.0,0.0
Frying pan (non-stick),430423,6.0,2.0,-3.0,1.0,0.0,-3.0,0.0,-3.0,4.0,0.0,1.0,-5.0,6.0,1.0,-3.0,2.0,4.0,1.0,-4.0,-4.0,1.0,1.0,2.0,-8.0,6.0,2.0,-4.0,-2.0,1.0,2.0,-2.0,-3.0,4.0,5.0,-1.0,1.0,2.0,4.0,-1.0,3.0,1.0,-1.0,1.0,-1.0,-2.0,1.0,5.0,-2.0,-1.0,0.0
Stainless steel cutlery set,430419,0.0,0.0,-1.0,1.0,0.0,2.0,-1.0,2.0,-4.0,1.0,2.0,-5.0,1.0,1.0,-1.0,2.0,2.0,-1.0,-1.0,-2.0,1.0,-1.0,2.0,-2.0,1.0,-3.0,1.0,-2.0,0.0,-2.0,3.0,-1.0,1.0,3.0,2.0,-1.0,1.0,0.0,2.0,0.0,0.0,2.0,1.0,-2.0,3.0,1.0,-1.0,1.0,0.0,0.0
Aluminium cooking foil,430505,2.0,0.0,0.0,1.0,1.0,1.0,1.0,-1.0,0.0,0.0,1.0,2.0,-1.0,0.0,3.0,0.0,1.0,1.0,-4.0,-2.0,1.0,-5.0,1.0,3.0,1.0,0.0,-1.0,1.0,0.0,0.0,0.0,2.0,0.0,0.0,1.0,2.0,1.0,5.0,3.0,4.0,3.0,1.0,3.0,2.0,3.0,1.0,2.0,-1.0,0.0,0.0
Electric kettle,430307,-2.0,-3.0,0.0,1.0,3.0,-3.0,3.0,-7.0,2.0,-6.0,2.0,3.0,1.0,0.0,-1.0,-4.0,-5.0,5.0,3.0,4.0,2.0,-3.0,-8.0,10.0,-3.0,5.0,-5.0,4.0,2.0,-5.0,4.0,-4.0,14.0,-10.0,6.0,2.0,2.0,-3.0,-2.0,8.0,-5.0,-4.0,4.0,0.0,-1.0,0.0,-5.0,2.0,6.0,0.0
Electric iron,430317,9.0,-8.0,0.0,-1.0,-3.0,2.0,2.0,-2.0,5.0,-3.0,0.0,0.0,3.0,0.0,0.0,4.0,5.0,-2.0,-4.0,0.0,-3.0,3.0,-7.0,1.0,0.0,0.0,1.0,2.0,-5.0,7.0,5.0,0.0,3.0,0.0,7.0,-2.0,1.0,-1.0,0.0,-2.0,2.0,0.0,3.0,-2.0,0.0,2.0,0.0,-2.0,4.0,0.0
Electric hair styling appliance,430351,-2.0,5.0,-1.0,3.0,-2.0,-1.0,5.0,-4.0,1.0,-6.0,2.0,-3.0,8.0,2.0,6.0,-3.0,0.0,-4.0,0.0,-4.0,4.0,0.0,-8.0,4.0,9.0,3.0,-9.0,1.0,5.0,-2.0,3.0,-3.0,4.0,1.0,-6.0,9.0,-5.0,7.0,2.0,-4.0,3.0,7.0,-2.0,-4.0,13.0,-3.0,-8.0,8.0,5.0,0.0
Dish washer,430356,6.0,-2.0,-2.0,5.0,-4.0,-2.0,6.0,-2.0,-2.0,-4.0,5.0,-4.0,0.0,3.0,-2.0,2.0,-1.0,2.0,-3.0,4.0,-3.0,-4.0,3.0,4.0,0.0,2.0,2.0,0.0,0.0,4.0,-2.0,2.0,-2.0,-1.0,-2.0,3.0,3.0,0.0,-2.0,1.0,4.0,0.0,0.0,3.0,0.0,-1.0,3.0,-2.0,3.0,0.0
Electric heater,430358,-7.0,-1.0,-1.0,1.0,-1.0,-2.0,1.0,1.0,13.0,-6.0,-2.0,-5.0,-3.0,-2.0,0.0,0.0,0.0,1.0,0.0,1.0,12.0,-8.0,-7.0,4.0,2.0,-2.0,-2.0,3.0,0.0,0.0,2.0,-2.0,7.0,9.0,3.0,-1.0,-8.0,13.0,-1.0,0.0,0.0,0.0,2.0,1.0,-2.0,-8.0,6.0,-2.0,4.0,0.0
Fridge/freezer,430362,0.0,0.0,-3.0,1.0,2.0,-3.0,1.0,1.0,2.0,1.0,-1.0,-1.0,1.0,1.0,-1.0,-1.0,0.0,1.0,0.0,5.0,-1.0,-1.0,-1.0,-2.0,4.0,3.0,-4.0,2.0,1.0,0.0,5.0,-1.0,3.0,-2.0,3.0,-3.0,4.0,-1.0,1.0,1.0,2.0,0.0,4.0,2.0,1.0,-4.0,2.0,2.0,5.0,0.0
Light bulb,430524,-1.0,0.0,-1.0,0.0,1.0,0.0,0.0,0.0,1.0,-2.0,-1.0,-3.0,-2.0,-5.0,-1.0,-1.0,-2.0,-3.0,1.0,-5.0,-6.0,-2.0,4.0,-3.0,1.0,0.0,0.0,0.0,3.0,-1.0,0.0,0.0,0.0,1.0,1.0,2.0,-3.0,3.0,-3.0,2.0,0.0,2.0,-8.0,-1.0,1.0,4.0,1.0,2.0,-6.0,0.0
Smart Wi-Fi light bulb,430541,,,,,,,,,,,,,,,,,,,,,,,,,,,,,,,,,,,,,,,,,,,,,,,,,,
Soundbar,630166,,,,,,,,,,,,,,,,,,,,,,,,,,,,,,,,,,,,,,,,,,,,,,,,,,
Fabric roller blind,430229,0.0,-1.0,1.0,0.0,-1.0,1.0,-1.0,-2.0,-2.0,3.0,1.0,-3.0,2.0,0.0,0.0,-1.0,3.0,1.0,-2.0,3.0,-3.0,-1.0,3.0,-1.0,-1.0,2.0,1.0,-1.0,1.0,-1.0,-3.0,3.0,1.0,1.0,0.0,0.0,1.0,0.0,-1.0,-1.0,1.0,0.0,0.0,1.0,0.0,1.0,-2.0,1.0,-1.0,0.0
Curtains (ready made),430236,0.0,2.0,-4.0,2.0,2.0,-2.0,0.0,2.0,-2.0,4.0,3.0,-1.0,3.0,1.0,-2.0,0.0,-4.0,-1.0,4.0,5.0,-1.0,0.0,-2.0,-2.0,2.0,-1.0,0.0,1.0,1.0,-3.0,2.0,2.0,1.0,-3.0,-1.0,3.0,4.0,7.0,-11.0,6.0,-2.0,-7.0,5.0,-6.0,12.0,1.0,0.0,-9.0,9.0,0.0
Photo frame,520136,3.0,0.0,0.0,1.0,-4.0,1.0,0.0,0.0,1.0,1.0,-2.0,1.0,3.0,0.0,-4.0,-6.0,7.0,0.0,0.0,1.0,1.0,4.0,-3.0,-8.0,4.0,0.0,-2.0,2.0,0.0,-1.0,1.0,-1.0,1.0,0.0,0.0,-2.0,3.0,5.0,0.0,-1.0,1.0,-2.0,1.0,-2.0,1.0,-2.0,-3.0,-1.0,2.0,0.0
Double wardrobe,430101,4.0,-2.0,-2.0,2.0,1.0,-3.0,3.0,2.0,-2.0,3.0,2.0,-8.0,2.0,1.0,-1.0,0.0,4.0,0.0,1.0,-1.0,-1.0,2.0,5.0,-4.0,5.0,2.0,-2.0,3.0,2.0,-3.0,1.0,6.0,-4.0,4.0,4.0,-5.0,2.0,5.0,-1.0,1.0,3.0,-4.0,2.0,3.0,0.0,4.0,4.0,-6.0,1.0,0.0
Armchair,430104,7.0,-1.0,-5.0,1.0,1.0,-3.0,2.0,1.0,-2.0,1.0,4.0,-6.0,2.0,-2.0,1.0,-1.0,0.0,0.0,0.0,1.0,-1.0,1.0,1.0,-3.0,0.0,3.0,-1.0,0.0,2.0,-2.0,1.0,5.0,-2.0,2.0,2.0,-2.0,2.0,4.0,-1.0,1.0,3.0,-3.0,1.0,3.0,-3.0,1.0,6.0,-3.0,1.0,0.0
Kitchen base unit,430119,0.0,0.0,0.0,0.0,0.0,0.0,0.0,1.0,-1.0,0.0,1.0,0.0,1.0,1.0,1.0,-1.0,-1.0,0.0,0.0,0.0,1.0,1.0,1.0,0.0,0.0,1.0,0.0,2.0,1.0,1.0,1.0,-1.0,4.0,0.0,1.0,5.0,4.0,0.0,1.0,0.0,2.0,1.0,1.0,1.0,3.0,0.0,2.0,9.0,-1.0,0.0
Coffee table,430120,4.0,1.0,-4.0,2.0,3.0,-4.0,0.0,3.0,-3.0,1.0,2.0,-7.0,3.0,1.0,-2.0,-8.0,10.0,-2.0,2.0,3.0,-2.0,0.0,3.0,-2.0,0.0,2.0,1.0,0.0,2.0,-2.0,2.0,6.0,-3.0,2.0,3.0,-3.0,3.0,3.0,-2.0,1.0,6.0,-2.0,2.0,2.0,-2.0,1.0,3.0,-5.0,2.0,0.0
Chest of drawers,430127,6.0,-2.0,-2.0,2.0,1.0,-4.0,4.0,2.0,-2.0,1.0,4.0,-8.0,1.0,1.0,-3.0,0.0,5.0,0.0,1.0,-1.0,-2.0,1.0,3.0,-2.0,4.0,1.0,-2.0,3.0,3.0,-3.0,2.0,3.0,-3.0,3.0,3.0,-4.0,2.0,4.0,0.0,2.0,2.0,-3.0,1.0,3.0,0.0,2.0,2.0,-3.0,1.0,0.0
Bookcase/freestanding shelve unit,430133,3.0,-1.0,-3.0,2.0,3.0,-5.0,2.0,1.0,-2.0,0.0,5.0,-6.0,2.0,1.0,-2.0,0.0,1.0,-3.0,3.0,1.0,-1.0,-2.0,5.0,-3.0,0.0,2.0,0.0,1.0,3.0,-1.0,1.0,6.0,-2.0,1.0,3.0,-4.0,5.0,3.0,-3.0,1.0,2.0,-2.0,2.0,3.0,-1.0,1.0,2.0,-4.0,2.0,0.0
Table lamp,430134,3.0,1.0,-1.0,1.0,-2.0,-2.0,2.0,2.0,-1.0,2.0,0.0,-4.0,2.0,-1.0,-2.0,0.0,-1.0,1.0,1.0,2.0,0.0,2.0,1.0,-3.0,2.0,0.0,-1.0,2.0,0.0,1.0,0.0,2.0,0.0,0.0,3.0,-1.0,7.0,1.0,-1.0,0.0,0.0,-2.0,0.0,1.0,0.0,-1.0,5.0,-3.0,1.0,0.0
Leather settee,430137,12.0,-4.0,-5.0,2.0,6.0,-6.0,2.0,4.0,-6.0,1.0,8.0,-11.0,5.0,0.0,2.0,1.0,0.0,-5.0,0.0,5.0,-3.0,0.0,6.0,-6.0,3.0,0.0,0.0,3.0,4.0,-4.0,3.0,7.0,-3.0,1.0,10.0,-6.0,1.0,6.0,-2.0,2.0,4.0,-4.0,1.0,3.0,-3.0,1.0,4.0,-6.0,2.0,0.0
Home office desk,430138,2.0,1.0,-3.0,1.0,2.0,-4.0,0.0,2.0,-1.0,1.0,1.0,-7.0,4.0,0.0,-2.0,6.0,-3.0,-2.0,-1.0,2.0,0.0,0.0,2.0,-2.0,2.0,3.0,-2.0,0.0,1.0,-1.0,1.0,2.0,-4.0,4.0,1.0,3.0,1.0,2.0,-1.0,2.0,-1.0,-2.0,2.0,3.0,0.0,3.0,0.0,-2.0,1.0,0.0
Kitchen wall unit,430139,2.0,0.0,-1.0,1.0,0.0,0.0,2.0,0.0,-1.0,0.0,1.0,-1.0,1.0,1.0,0.0,1.0,-1.0,0.0,2.0,-2.0,1.0,2.0,1.0,-1.0,-1.0,-1.0,1.0,1.0,2.0,-2.0,3.0,-3.0,6.0,0.0,1.0,8.0,3.0,1.0,0.0,1.0,4.0,1.0,2.0,1.0,1.0,0.0,2.0,9.0,0.0,0.0
Dinning table with 2-6 chairs,430141,2.0,0.0,-3.0,2.0,4.0,-4.0,1.0,4.0,-2.0,-2.0,4.0,-4.0,3.0,2.0,-1.0,3.0,4.0,-2.0,2.0,1.0,0.0,-1.0,2.0,-1.0,1.0,1.0,0.0,2.0,3.0,-1.0,0.0,0.0,1.0,2.0,4.0,-4.0,2.0,4.0,-1.0,0.0,4.0,-2.0,2.0,1.0,1.0,0.0,1.0,-3.0,1.0,0.0
High chair,430142,-4.0,1.0,-1.0,-1.0,1.0,-1.0,1.0,5.0,-3.0,-1.0,-1.0,0.0,-1.0,2.0,7.0,-2.0,-2.0,-1.0,0.0,2.0,-3.0,-1.0,1.0,-3.0,1.0,-1.0,1.0,0.0,0.0,-2.0,1.0,7.0,2.0,0.0,3.0,4.0,0.0,0.0,0.0,4.0,0.0,-3.0,3.0,-1.0,0.0,-1.0,0.0,-1.0,0.0,0.0
Non leather settee,430143,,,,,,,,,,,,,,,,,,,,,,,,,,,,,,,,,,,,,,,,,,,,,,,,,,
Adult bed,430144,,,,,,,,,,,,,,,,,,,,,,,,,,,,,,,,,,,,,,,,,,,,,,,,,,
Wall hanging mirror,520132,6.0,1.0,-2.0,2.0,-1.0,-2.0,2.0,1.0,-3.0,4.0,2.0,-11.0,8.0,0.0,-1.0,2.0,2.0,-1.0,1.0,2.0,2.0,3.0,4.0,-6.0,3.0,1.0,4.0,0.0,3.0,-1.0,2.0,2.0,-1.0,0.0,3.0,-5.0,5.0,2.0,0.0,1.0,-1.0,0.0,1.0,2.0,-2.0,0.0,3.0,-2.0,3.0,0.0
Ready mixed filler,410602,0.0,0.0,2.0,0.0,-1.0,0.0,1.0,0.0,0.0,0.0,0.0,0.0,0.0,0.0,1.0,1.0,0.0,0.0,-1.0,1.0,0.0,0.0,0.0,1.0,0.0,0.0,0.0,1.0,-1.0,0.0,0.0,4.0,0.0,2.0,1.0,0.0,1.0,1.0,1.0,1.0,0.0,1.0,0.0,2.0,1.0,1.0,1.0,-1.0,1.0,0.0
Paint brush,410607,0.0,0.0,1.0,0.0,1.0,0.0,1.0,0.0,0.0,0.0,-1.0,-1.0,0.0,0.0,0.0,-1.0,0.0,1.0,1.0,0.0,1.0,0.0,0.0,0.0,0.0,0.0,0.0,1.0,2.0,-3.0,0.0,0.0,0.0,1.0,1.0,-1.0,1.0,1.0,1.0,0.0,5.0,0.0,5.0,2.0,0.0,-2.0,3.0,1.0,3.0,0.0
Door handle,410611,0.0,1.0,0.0,0.0,1.0,0.0,0.0,0.0,0.0,0.0,0.0,0.0,0.0,0.0,1.0,-1.0,2.0,0.0,0.0,1.0,0.0,0.0,-1.0,0.0,0.0,0.0,0.0,0.0,0.0,0.0,3.0,-3.0,0.0,-4.0,1.0,1.0,3.0,1.0,0.0,-2.0,-3.0,-2.0,0.0,2.0,5.0,2.0,0.0,2.0,0.0,0.0
Power drill,410614,0.0,-4.0,-1.0,10.0,1.0,-2.0,-1.0,0.0,1.0,1.0,-1.0,-1.0,1.0,0.0,1.0,2.0,0.0,-1.0,-1.0,-6.0,0.0,1.0,-1.0,-3.0,-2.0,0.0,2.0,2.0,1.0,1.0,1.0,-2.0,1.0,-1.0,2.0,0.0,3.0,1.0,0.0,0.0,-1.0,0.0,0.0,4.0,1.0,0.0,1.0,-2.0,3.0,0.0
Varnish clear gloss,410621,0.0,1.0,0.0,1.0,0.0,-1.0,0.0,3.0,0.0,-1.0,0.0,-1.0,-1.0,1.0,0.0,0.0,1.0,0.0,0.0,0.0,0.0,0.0,0.0,-1.0,0.0,0.0,0.0,0.0,3.0,0.0,1.0,-1.0,1.0,1.0,-2.0,-1.0,3.0,3.0,1.0,0.0,1.0,1.0,1.0,1.0,1.0,0.0,1.0,-1.0,1.0,0.0
Screwdriver,410625,0.0,-1.0,1.0,1.0,0.0,0.0,1.0,0.0,0.0,0.0,0.0,1.0,-1.0,1.0,-1.0,-1.0,-3.0,4.0,-1.0,1.0,-1.0,2.0,0.0,0.0,1.0,0.0,0.0,1.0,1.0,1.0,1.0,0.0,3.0,1.0,-1.0,1.0,2.0,2.0,0.0,0.0,1.0,-1.0,1.0,2.0,-1.0,1.0,0.0,0.0,0.0,0.0
Wallpaper,410629,-12.0,1.0,-1.0,6.0,0.0,-2.0,9.0,3.0,-5.0,5.0,-1.0,-3.0,-3.0,3.0,0.0,1.0,-2.0,0.0,3.0,1.0,-3.0,0.0,0.0,-1.0,1.0,-1.0,0.0,0.0,0.0,2.0,0.0,2.0,0.0,0.0,1.0,-3.0,-3.0,6.0,1.0,1.0,0.0,2.0,3.0,0.0,0.0,2.0,2.0,-4.0,2.0,0.0
Shower head,410631,5.0,0.0,1.0,2.0,0.0,0.0,-1.0,0.0,-1.0,2.0,1.0,1.0,0.0,0.0,-4.0,5.0,-4.0,0.0,2.0,2.0,-1.0,2.0,1.0,-2.0,-1.0,0.0,0.0,0.0,-1.0,0.0,-1.0,2.0,1.0,1.0,1.0,0.0,0.0,-1.0,3.0,1.0,-2.0,2.0,1.0,3.0,0.0,0.0,2.0,-3.0,0.0,0.0
Carpet cleaner hire,410632,0.0,-1.0,0.0,-1.0,0.0,0.0,0.0,0.0,-1.0,0.0,-1.0,-1.0,0.0,1.0,0.0,-1.0,-1.0,0.0,2.0,1.0,0.0,0.0,1.0,-1.0,0.0,0.0,0.0,0.0,1.0,1.0,0.0,0.0,0.0,1.0,1.0,2.0,0.0,0.0,0.0,1.0,-2.0,-1.0,0.0,0.0,0.0,-1.0,0.0,-1.0,0.0,0.0
Medium density fireboard (MDF),410633,-1.0,0.0,0.0,1.0,-1.0,-1.0,0.0,0.0,1.0,0.0,0.0,0.0,0.0,0.0,0.0,3.0,-3.0,0.0,-1.0,-1.0,3.0,0.0,2.0,1.0,4.0,0.0,4.0,6.0,7.0,9.0,8.0,4.0,8.0,3.0,0.0,1.0,-2.0,2.0,1.0,0.0,0.0,1.0,-1.0,0.0,-3.0,0.0,1.0,0.0,0.0,0.0
Ceramic tiles,410637,0.0,0.0,0.0,0.0,-1.0,0.0,1.0,0.0,0.0,-1.0,0.0,1.0,-1.0,2.0,0.0,0.0,-2.0,-2.0,3.0,0.0,-4.0,0.0,2.0,1.0,2.0,1.0,0.0,0.0,1.0,0.0,1.0,1.0,0.0,0.0,3.0,-1.0,4.0,2.0,2.0,4.0,1.0,0.0,7.0,10.0,5.0,3.0,0.0,0.0,-1.0,0.0
Coal,420103,1.0,0.0,-1.0,1.0,0.0,0.0,-1.0,1.0,0.0,2.0,1.0,0.0,1.0,0.0,0.0,0.0,0.0,1.0,-2.0,2.0,0.0,0.0,0.0,0.0,0.0,0.0,0.0,0.0,1.0,0.0,-1.0,1.0,1.0,0.0,2.0,0.0,2.0,4.0,2.0,3.0,5.0,4.0,2.0,2.0,5.0,0.0,0.0,1.0,1.0,0.0
Kerosene,420405,2.0,1.0,0.0,2.0,-4.0,-1.0,2.0,0.0,4.0,-3.0,0.0,3.0,-11.0,-18.0,-22.0,-7.0,17.0,1.0,0.0,-4.0,4.0,-5.0,18.0,8.0,7.0,3.0,-4.0,5.0,3.0,1.0,-1.0,5.0,19.0,4.0,-3.0,4.0,12.0,44.0,-4.0,9.0,6.0,-6.0,-14.0,14.0,0.0,-4.0,-9.0,-1.0,-5.0,0.0
Bath towel,430228,8.0,1.0,-5.0,5.0,1.0,-5.0,4.0,1.0,-2.0,1.0,-1.0,-5.0,5.0,-2.0,-12.0,3.0,3.0,4.0,3.0,-1.0,1.0,0.0,0.0,-5.0,4.0,0.0,-1.0,1.0,1.0,-3.0,2.0,-1.0,3.0,-1.0,1.0,-5.0,5.0,3.0,-1.0,0.0,0.0,2.0,3.0,0.0,1.0,2.0,1.0,-4.0,4.0,0.0
Gas fire,430413,0.0,0.0,0.0,0.0,0.0,1.0,0.0,0.0,0.0,0.0,0.0,0.0,0.0,0.0,-3.0,0.0,3.0,1.0,0.0,-1.0,1.0,0.0,-1.0,0.0,0.0,1.0,1.0,0.0,0.0,1.0,-1.0,1.0,1.0,2.0,0.0,0.0,1.0,0.0,2.0,1.0,1.0,2.0,0.0,3.0,1.0,1.0,1.0,0.0,0.0,0.0
AA battery,430539,1.0,-4.0,0.0,-2.0,1.0,0.0,0.0,-2.0,-2.0,2.0,-2.0,1.0,-3.0,4.0,-2.0,0.0,-1.0,-4.0,7.0,-2.0,-2.0,-3.0,-3.0,2.0,-1.0,-3.0,0.0,-3.0,-4.0,0.0,3.0,0.0,3.0,0.0,1.0,1.0,0.0,3.0,-1.0,3.0,0.0,2.0,1.0,0.0,1.0,0.0,0.0,0.0,1.0,0.0
Clear sticky tape,430525,2.0,-2.0,2.0,-1.0,2.0,-1.0,-3.0,1.0,0.0,-1.0,-2.0,6.0,-1.0,2.0,-1.0,0.0,0.0,-1.0,-4.0,2.0,2.0,-10.0,0.0,5.0,-1.0,2.0,0.0,6.0,0.0,0.0,0.0,1.0,0.0,-2.0,1.0,1.0,2.0,0.0,0.0,1.0,1.0,2.0,-2.0,0.0,4.0,0.0,2.0,1.0,0.0,0.0
Greetings card,430526,0.0,1.0,0.0,0.0,0.0,0.0,0.0,0.0,-1.0,0.0,0.0,0.0,0.0,0.0,6.0,-1.0,-7.0,7.0,-3.0,-1.0,0.0,0.0,2.0,0.0,2.0,0.0,0.0,0.0,0.0,0.0,0.0,1.0,1.0,0.0,0.0,1.0,0.0,0.0,0.0,1.0,1.0,0.0,0.0,1.0,0.0,1.0,-1.0,0.0,0.0,0.0
A4 printer paper,430527,3.0,0.0,0.0,0.0,1.0,0.0,-2.0,0.0,1.0,0.0,0.0,-1.0,1.0,0.0,-1.0,1.0,0.0,-1.0,-1.0,0.0,1.0,1.0,0.0,-1.0,2.0,0.0,0.0,0.0,1.0,0.0,0.0,-1.0,1.0,1.0,1.0,-1.0,4.0,2.0,5.0,6.0,4.0,1.0,5.0,2.0,3.0,2.0,-1.0,0.0,1.0,0.0
Black inkjet cartridge,430530,1.0,0.0,0.0,0.0,0.0,-1.0,2.0,0.0,0.0,1.0,1.0,-2.0,0.0,0.0,1.0,0.0,4.0,-1.0,0.0,1.0,1.0,-2.0,1.0,0.0,-1.0,1.0,0.0,4.0,0.0,1.0,-2.0,1.0,2.0,-2.0,-1.0,3.0,0.0,2.0,0.0,1.0,-1.0,1.0,0.0,0.0,4.0,4.0,0.0,-2.0,1.0,0.0
Wrapping paper,430535,0.0,0.0,0.0,0.0,0.0,0.0,2.0,-2.0,1.0,0.0,1.0,0.0,2.0,0.0,0.0,0.0,0.0,0.0,1.0,0.0,-1.0,-1.0,0.0,1.0,0.0,0.0,0.0,-3.0,0.0,0.0,1.0,0.0,0.0,0.0,0.0,-1.0,0.0,2.0,1.0,0.0,0.0,0.0,1.0,0.0,0.0,0.0,1.0,-1.0,1.0,0.0
Scissors,430409,0.0,0.0,-2.0,0.0,0.0,1.0,2.0,-1.0,2.0,-2.0,-1.0,-1.0,1.0,1.0,0.0,-2.0,0.0,-2.0,4.0,-7.0,4.0,-6.0,-6.0,-1.0,2.0,2.0,1.0,2.0,0.0,0.0,1.0,-2.0,1.0,0.0,3.0,7.0,2.0,1.0,0.0,0.0,-1.0,0.0,0.0,4.0,-1.0,0.0,0.0,-2.0,1.0,0.0
Ballpoint pen,430503,3.0,2.0,-6.0,1.0,7.0,-1.0,-8.0,1.0,4.0,5.0,2.0,-3.0,2.0,1.0,-2.0,3.0,-1.0,-5.0,-7.0,2.0,8.0,2.0,1.0,-7.0,5.0,0.0,-5.0,4.0,6.0,0.0,-6.0,-2.0,9.0,0.0,0.0,-4.0,7.0,0.0,0.0,0.0,2.0,-4.0,-3.0,1.0,0.0,3.0,4.0,-3.0,5.0,0.0
Luggage trolley case,520134,2.0,0.0,1.0,3.0,-1.0,2.0,-2.0,3.0,-3.0,-1.0,-1.0,-2.0,10.0,-3.0,-8.0,0.0,1.0,-4.0,1.0,2.0,-2.0,-6.0,9.0,-10.0,2.0,4.0,-1.0,0.0,1.0,-1.0,-3.0,7.0,0.0,2.0,2.0,-2.0,0.0,3.0,5.0,3.0,0.0,-1.0,-5.0,4.0,-1.0,4.0,-3.0,-3.0,-2.0,0.0
Headphones,630156,3.0,0.0,-2.0,0.0,0.0,0.0,1.0,-3.0,2.0,0.0,-2.0,1.0,1.0,0.0,0.0,3.0,-5.0,2.0,1.0,1.0,0.0,-3.0,-2.0,-1.0,2.0,-2.0,2.0,1.0,-1.0,-1.0,3.0,2.0,0.0,-2.0,-2.0,3.0,-2.0,0.0,0.0,4.0,-1.0,-1.0,-1.0,-1.0,2.0,2.0,-7.0,2.0,-2.0,0.0
Television (small),630159,1.0,-2.0,-3.0,0.0,-2.0,0.0,-1.0,-1.0,1.0,0.0,-3.0,1.0,-2.0,-1.0,-3.0,3.0,5.0,0.0,1.0,-1.0,1.0,-3.0,1.0,0.0,2.0,2.0,-3.0,1.0,8.0,-2.0,-1.0,4.0,-1.0,0.0,-2.0,4.0,-3.0,0.0,-5.0,-4.0,1.0,-2.0,1.0,2.0,-3.0,-2.0,5.0,-4.0,1.0,0.0
Television (large),630160,2.0,-2.0,-2.0,-2.0,-1.0,-1.0,5.0,-1.0,1.0,-6.0,0.0,-3.0,1.0,0.0,-2.0,1.0,-5.0,-1.0,5.0,-1.0,-3.0,-2.0,1.0,-1.0,2.0,-1.0,-2.0,7.0,-5.0,7.0,3.0,0.0,-1.0,-3.0,-3.0,-4.0,-3.0,-5.0,-6.0,-3.0,-2.0,4.0,1.0,3.0,-2.0,3.0,9.0,-5.0,0.0,0.0
DVD/Blu-ray player,630164,,,,,,,,,,,,,,,,,,,,,,,,,,,,,,,,,,,,,,,,,,,,,,,,,,
Book illustrated for under 5s,630434,-1.0,0.0,0.0,0.0,0.0,0.0,0.0,0.0,0.0,0.0,0.0,0.0,0.0,0.0,-7.0,-2.0,3.0,0.0,5.0,1.0,0.0,-8.0,2.0,0.0,1.0,0.0,0.0,7.0,0.0,0.0,1.0,0.0,1.0,0.0,0.0,1.0,1.0,0.0,0.0,0.0,0.0,0.0,0.0,0.0,0.0,1.0,0.0,1.0,1.0,0.0
Teenage fiction book,630437,-1.0,0.0,0.0,2.0,0.0,1.0,0.0,1.0,-2.0,0.0,0.0,-2.0,2.0,2.0,-10.0,-3.0,3.0,8.0,4.0,1.0,-2.0,-8.0,0.0,0.0,3.0,-5.0,-1.0,9.0,0.0,0.0,2.0,-2.0,0.0,7.0,-6.0,-1.0,0.0,1.0,-4.0,4.0,-2.0,1.0,-1.0,1.0,1.0,3.0,1.0,0.0,0.0,0.0
"Fiction book (paper back, bestseller)",630439,1.0,0.0,1.0,-1.0,1.0,2.0,-3.0,0.0,-1.0,3.0,0.0,3.0,-2.0,1.0,-13.0,-7.0,13.0,-13.0,25.0,-1.0,1.0,-15.0,2.0,0.0,2.0,-4.0,4.0,9.0,-3.0,-1.0,3.0,-1.0,3.0,0.0,3.0,-3.0,0.0,0.0,0.0,0.0,2.0,-2.0,1.0,1.0,0.0,0.0,0.0,0.0,0.0,0.0
Child's fiction book (6-12 yrs.),630440,,,,,,,,,,,,,,,,,,,,,,,,,,,,,,,,,,,,,,,,,,,,,,,,,,
Recordable CD,630226,2.0,0.0,0.0,1.0,0.0,-8.0,0.0,3.0,2.0,-4.0,1.0,0.0,0.0,2.0,2.0,-3.0,4.0,-7.0,2.0,-6.0,1.0,1.0,-1.0,-3.0,5.0,0.0,6.0,-1.0,-6.0,9.0,3.0,7.0,0.0,1.0,-1.0,-10.0,1.0,-2.0,2.0,1.0,0.0,0.0,-3.0,4.0,-3.0,2.0,5.0,0.0,4.0,0.0
Childs's sit and ride toys (under 5s),630376,2.0,1.0,-3.0,-1.0,4.0,-6.0,1.0,0.0,2.0,-3.0,1.0,2.0,-3.0,0.0,12.0,-4.0,-5.0,4.0,0.0,1.0,-1.0,-1.0,5.0,3.0,-3.0,0.0,-2.0,-1.0,0.0,-1.0,2.0,5.0,-2.0,0.0,-1.0,4.0,5.0,-4.0,1.0,2.0,0.0,-2.0,2.0,-1.0,-1.0,3.0,-3.0,4.0,1.0,0.0
Construction toy,630314,0.0,-1.0,-4.0,2.0,-1.0,0.0,0.0,-1.0,0.0,-1.0,0.0,5.0,-3.0,0.0,4.0,4.0,-5.0,-2.0,1.0,2.0,-3.0,2.0,1.0,3.0,-1.0,-1.0,0.0,-2.0,0.0,-1.0,0.0,1.0,-1.0,-1.0,1.0,2.0,0.0,-2.0,-1.0,0.0,0.0,1.0,-2.0,2.0,0.0,1.0,-5.0,3.0,3.0,0.0
Adult sleeping bag,630317,3.0,3.0,-3.0,-2.0,-4.0,1.0,0.0,1.0,2.0,0.0,0.0,3.0,3.0,-2.0,-7.0,3.0,2.0,-1.0,0.0,-1.0,1.0,-3.0,-1.0,3.0,12.0,-4.0,1.0,-2.0,-7.0,6.0,0.0,4.0,-4.0,2.0,-2.0,-2.0,3.0,3.0,0.0,3.0,-4.0,0.0,-7.0,6.0,1.0,3.0,-1.0,2.0,3.0,0.0
Beginner's acoustic guitar,630342,1.0,-1.0,0.0,0.0,1.0,0.0,0.0,-1.0,0.0,0.0,0.0,1.0,0.0,2.0,0.0,0.0,-1.0,-1.0,2.0,0.0,0.0,0.0,1.0,3.0,-1.0,1.0,0.0,0.0,-2.0,1.0,-2.0,1.0,-1.0,0.0,1.0,1.0,0.0,0.0,2.0,0.0,1.0,0.0,1.0,1.0,1.0,2.0,0.0,0.0,0.0,0.0
Digital development,630359,1.0,0.0,2.0,1.0,0.0,0.0,0.0,1.0,0.0,1.0,0.0,0.0,0.0,0.0,1.0,-3.0,-1.0,3.0,1.0,1.0,0.0,-2.0,2.0,-1.0,0.0,1.0,0.0,4.0,0.0,0.0,0.0,-1.0,0.0,0.0,0.0,1.0,0.0,0.0,0.0,1.0,0.0,0.0,0.0,0.0,2.0,2.0,1.0,1.0,0.0,0.0
Electronic educational toy,630368,-3.0,1.0,0.0,5.0,0.0,-1.0,0.0,0.0,1.0,-1.0,-1.0,3.0,-3.0,2.0,-2.0,3.0,-3.0,1.0,-1.0,1.0,-1.0,-2.0,-1.0,-6.0,3.0,0.0,-5.0,5.0,-3.0,3.0,2.0,2.0,0.0,-1.0,1.0,-2.0,4.0,3.0,-1.0,0.0,1.0,2.0,1.0,0.0,2.0,2.0,-2.0,-2.0,5.0,0.0
Jigsaw,630373,2.0,1.0,-1.0,0.0,-1.0,2.0,-4.0,1.0,0.0,0.0,0.0,4.0,0.0,0.0,6.0,-2.0,5.0,-3.0,-5.0,1.0,0.0,11.0,1.0,2.0,-7.0,-10.0,0.0,3.0,-1.0,0.0,0.0,-1.0,-1.0,-2.0,2.0,1.0,7.0,-7.0,-1.0,0.0,1.0,2.0,1.0,-4.0,2.0,2.0,-4.0,6.0,-1.0,0.0
Adult craft hobby kit,630382,,,,,,,,,,,,,,,,,,,,,,,,,,,,,,,,,,,,,,,,,,,,,,,,,,
Garden spade,630505,0.0,-1.0,-1.0,1.0,1.0,0.0,0.0,0.0,1.0,1.0,0.0,-2.0,-4.0,0.0,-1.0,-1.0,-3.0,2.0,2.0,1.0,1.0,0.0,2.0,1.0,2.0,1.0,0.0,1.0,-1.0,1.0,0.0,3.0,1.0,-1.0,3.0,2.0,1.0,0.0,1.0,3.0,1.0,0.0,0.0,-1.0,5.0,1.0,0.0,-1.0,1.0,0.0
Houseplant,630507,0.0,0.0,0.0,0.0,1.0,-4.0,0.0,1.0,0.0,1.0,1.0,1.0,0.0,0.0,1.0,-1.0,3.0,0.0,-5.0,1.0,-1.0,0.0,7.0,-2.0,4.0,2.0,-1.0,-2.0,0.0,0.0,1.0,-3.0,-1.0,2.0,-1.0,-2.0,1.0,2.0,0.0,-1.0,3.0,-5.0,2.0,-2.0,0.0,2.0,2.0,0.0,0.0,0.0
Potting compost,630510,-2.0,0.0,-1.0,-1.0,3.0,0.0,-1.0,0.0,1.0,0.0,-1.0,0.0,0.0,1.0,5.0,-2.0,-4.0,0.0,4.0,-1.0,-2.0,-4.0,2.0,3.0,2.0,0.0,-1.0,4.0,1.0,2.0,1.0,-1.0,5.0,1.0,1.0,1.0,2.0,1.0,0.0,1.0,2.0,0.0,2.0,1.0,1.0,1.0,3.0,1.0,1.0,0.0
Cut flower carnation stem,630518,2.0,-2.0,-1.0,0.0,0.0,0.0,-2.0,1.0,1.0,1.0,0.0,1.0,0.0,-1.0,-3.0,-2.0,-2.0,7.0,0.0,1.0,-1.0,-4.0,4.0,-1.0,1.0,1.0,-1.0,0.0,1.0,0.0,0.0,1.0,-1.0,1.0,3.0,0.0,4.0,-1.0,0.0,0.0,2.0,2.0,-1.0,2.0,1.0,-1.0,0.0,0.0,3.0,0.0
Potted shrub,630519,3.0,0.0,3.0,-2.0,-4.0,1.0,4.0,-1.0,0.0,5.0,1.0,2.0,-1.0,0.0,5.0,1.0,1.0,-15.0,-2.0,9.0,4.0,4.0,0.0,2.0,1.0,1.0,-1.0,-2.0,0.0,4.0,0.0,-3.0,-2.0,3.0,9.0,3.0,1.0,0.0,-2.0,2.0,-1.0,-4.0,2.0,3.0,0.0,2.0,0.0,1.0,0.0,0.0
Plant food,630525,1.0,1.0,-2.0,-1.0,1.0,2.0,1.0,0.0,1.0,0.0,0.0,-2.0,0.0,2.0,-6.0,9.0,-2.0,3.0,-2.0,0.0,1.0,1.0,1.0,1.0,1.0,0.0,-4.0,5.0,-4.0,-1.0,2.0,5.0,-2.0,3.0,3.0,0.0,4.0,1.0,-1.0,0.0,2.0,-1.0,1.0,2.0,2.0,2.0,1.0,6.0,1.0,0.0
Plant seeds,630526,,,,,,,,,,,,,,,,,,,,,,,,,,,,,,,,,,,,,,,,,,,,,,,,,,
Theatre ticket,640212,1.0,-1.0,2.0,0.0,-1.0,-5.0,1.0,10.0,0.0,-4.0,-2.0,2.0,4.0,-3.0,0.0,0.0,0.0,0.0,0.0,0.0,0.0,0.0,0.0,0.0,0.0,0.0,0.0,0.0,0.0,3.0,3.0,7.0,-1.0,1.0,-5.0,7.0,1.0,0.0,4.0,-2.0,5.0,-3.0,-2.0,3.0,1.0,-3.0,-2.0,0.0,3.0,0.0
Cinema popcorn,220324,0.0,0.0,0.0,0.0,0.0,0.0,0.0,1.0,0.0,0.0,1.0,1.0,0.0,0.0,0.0,0.0,0.0,2.0,1.0,-2.0,1.0,0.0,1.0,0.0,0.0,0.0,0.0,0.0,0.0,1.0,0.0,0.0,0.0,0.0,0.0,1.0,0.0,0.0,0.0,0.0,0.0,0.0,1.0,0.0,0.0,0.0,1.0,1.0,0.0,
Hotel stay,640406,0.0,3.0,1.0,8.0,-3.0,9.0,-5.0,8.0,-5.0,-5.0,-8.0,-4.0,5.0,-1.0,4.0,8.0,-3.0,-6.0,1.0,-6.0,-8.0,20.0,-25.0,18.0,4.0,-1.0,5.0,8.0,-3.0,5.0,14.0,-8.0,0.0,3.0,-7.0,-9.0,7.0,8.0,3.0,3.0,5.0,3.0,-2.0,4.0,1.0,-7.0,3.0,-8.0,4.0,0.0
Can of dog food,430613,4.0,1.0,0.0,1.0,0.0,0.0,-4.0,2.0,0.0,2.0,2.0,0.0,0.0,0.0,-8.0,0.0,2.0,0.0,1.0,0.0,0.0,-1.0,0.0,0.0,0.0,0.0,0.0,0.0,0.0,0.0,3.0,-1.0,1.0,1.0,1.0,2.0,11.0,1.0,2.0,1.0,4.0,5.0,3.0,2.0,2.0,0.0,0.0,2.0,5.0,0.0
Pet cage for a small mammal,430617,-1.0,0.0,0.0,0.0,0.0,0.0,1.0,-1.0,0.0,0.0,-1.0,1.0,0.0,0.0,12.0,0.0,-8.0,0.0,-2.0,0.0,3.0,0.0,1.0,1.0,-1.0,1.0,-2.0,2.0,-2.0,-1.0,3.0,-3.0,2.0,1.0,0.0,1.0,0.0,1.0,0.0,1.0,0.0,-1.0,4.0,-2.0,0.0,1.0,0.0,0.0,0.0,0.0
Annual booster injection (medium dog),430621,0.0,0.0,0.0,1.0,0.0,1.0,1.0,0.0,1.0,1.0,0.0,0.0,1.0,0.0,0.0,0.0,0.0,0.0,0.0,1.0,0.0,0.0,1.0,1.0,1.0,0.0,1.0,0.0,0.0,0.0,1.0,0.0,1.0,1.0,1.0,1.0,0.0,1.0,1.0,1.0,1.0,2.0,1.0,1.0,1.0,1.0,1.0,0.0,1.0,0.0
Dog kennel fees,430622,1.0,0.0,1.0,0.0,0.0,0.0,0.0,1.0,0.0,0.0,0.0,0.0,1.0,0.0,0.0,0.0,0.0,0.0,0.0,0.0,0.0,0.0,0.0,0.0,0.0,0.0,0.0,1.0,0.0,0.0,0.0,0.0,0.0,0.0,0.0,0.0,1.0,1.0,2.0,1.0,0.0,1.0,0.0,2.0,1.0,1.0,1.0,0.0,1.0,0.0
Dog treats,430626,,,,,,,,,,,,,,,,,,,,,,,,,,,,,,,,,,,,,,,,,,,,,,,,,,
Pet collar,430627,,,,,,,,,,,,,,,,,,,,,,,,,,,,,,,,,,,,,,,,,,,,,,,,,,
Carbon fibre fishing rod,630340,0.0,0.0,-1.0,1.0,0.0,0.0,0.0,0.0,-2.0,0.0,-1.0,0.0,0.0,-1.0,1.0,0.0,-2.0,1.0,0.0,2.0,-1.0,3.0,0.0,-1.0,0.0,-2.0,2.0,0.0,1.0,0.0,0.0,0.0,0.0,1.0,-2.0,0.0,1.0,0.0,1.0,0.0,1.0,1.0,0.0,0.0,1.0,0.0,0.0,-1.0,1.0,0.0
Men's football boots,630343,-2.0,0.0,-3.0,-1.0,0.0,0.0,1.0,0.0,2.0,-1.0,-1.0,0.0,-2.0,-1.0,-1.0,-2.0,-1.0,2.0,1.0,1.0,2.0,0.0,-1.0,-1.0,-1.0,0.0,1.0,1.0,0.0,0.0,1.0,2.0,-4.0,0.0,2.0,-4.0,3.0,1.0,0.0,0.0,0.0,0.0,0.0,0.0,-17.0,1.0,-1.0,0.0,0.0,0.0
Golf ball,630345,0.0,0.0,-1.0,0.0,0.0,1.0,0.0,0.0,0.0,0.0,0.0,0.0,1.0,0.0,0.0,0.0,0.0,0.0,0.0,0.0,1.0,1.0,9.0,0.0,2.0,0.0,0.0,0.0,0.0,0.0,0.0,0.0,1.0,3.0,0.0,0.0,8.0,-4.0,4.0,0.0,1.0,-3.0,0.0,0.0,0.0,0.0,3.0,0.0,1.0,0.0
Squash/tennis racket,630357,0.0,-3.0,1.0,0.0,1.0,0.0,0.0,-2.0,-1.0,0.0,-3.0,1.0,1.0,0.0,3.0,-1.0,0.0,0.0,0.0,0.0,-2.0,-3.0,3.0,1.0,0.0,10.0,0.0,2.0,0.0,1.0,2.0,1.0,-2.0,4.0,8.0,2.0,11.0,0.0,0.0,2.0,3.0,1.0,-1.0,0.0,-1.0,0.0,-1.0,1.0,0.0,0.0
Swimming pool/leisure centre admission,640219,0.0,0.0,0.0,1.0,1.0,0.0,0.0,0.0,0.0,0.0,0.0,0.0,0.0,0.0,-2.0,0.0,1.0,1.0,2.0,0.0,0.0,-2.0,3.0,-2.0,0.0,1.0,-1.0,0.0,0.0,2.0,0.0,0.0,0.0,0.0,0.0,0.0,1.0,0.0,0.0,0.0,1.0,0.0,0.0,0.0,0.0,0.0,0.0,1.0,0.0,0.0
Exercise class,640222,1.0,0.0,0.0,1.0,0.0,0.0,0.0,0.0,0.0,0.0,0.0,0.0,0.0,0.0,0.0,0.0,-1.0,0.0,0.0,0.0,1.0,0.0,0.0,0.0,0.0,0.0,0.0,0.0,2.0,0.0,0.0,0.0,0.0,0.0,0.0,1.0,0.0,0.0,0.0,0.0,0.0,0.0,0.0,0.0,0.0,0.0,1.0,0.0,0.0,0.0
Ten-pin bowling,640224,0.0,0.0,0.0,1.0,0.0,0.0,0.0,0.0,0.0,0.0,0.0,0.0,0.0,1.0,0.0,0.0,0.0,0.0,0.0,2.0,0.0,0.0,1.0,0.0,0.0,0.0,0.0,0.0,0.0,1.0,-1.0,0.0,0.0,0.0,0.0,0.0,0.0,0.0,0.0,0.0,1.0,0.0,0.0,0.0,0.0,0.0,0.0,0.0,0.0,0.0
Private health club/gym,640226,0.0,0.0,1.0,0.0,0.0,0.0,0.0,0.0,0.0,0.0,0.0,0.0,0.0,0.0,0.0,0.0,0.0,0.0,2.0,-1.0,0.0,0.0,0.0,0.0,0.0,0.0,0.0,2.0,0.0,0.0,0.0,0.0,1.0,0.0,0.0,0.0,0.0,0.0,0.0,0.0,0.0,0.0,1.0,1.0,0.0,1.0,0.0,0.0,0.0,0.0
Soft play session,640243,0.0,0.0,1.0,0.0,0.0,0.0,0.0,0.0,0.0,0.0,0.0,0.0,0.0,0.0,0.0,0.0,0.0,0.0,0.0,4.0,-1.0,0.0,0.0,0.0,0.0,0.0,0.0,0.0,0.0,1.0,0.0,0.0,0.0,0.0,0.0,0.0,1.0,0.0,1.0,1.0,1.0,0.0,1.0,1.0,0.0,1.0,0.0,1.0,1.0,0.0
Climbing wall session,640244,,,,,,,,,,,,,,,,,,,,,,,,,,,,,,,,,,,,,,,,,,,,,,,,,,
Child minder,440120,0.0,0.0,0.0,0.0,0.0,0.0,0.0,0.0,0.0,0.0,0.0,0.0,0.0,0.0,0.0,0.0,0.0,0.0,0.0,0.0,0.0,0.0,0.0,0.0,0.0,0.0,0.0,0.0,0.0,0.0,0.0,0.0,1.0,0.0,0.0,0.0,0.0,0.0,1.0,1.0,0.0,0.0,0.0,0.0,0.0,0.0,0.0,0.0,0.0,0.0
Nanny fees,440126,0.0,0.0,0.0,0.0,0.0,0.0,0.0,1.0,0.0,0.0,0.0,0.0,1.0,0.0,0.0,0.0,0.0,0.0,1.0,0.0,0.0,0.0,0.0,0.0,0.0,0.0,0.0,0.0,0.0,0.0,0.0,0.0,0.0,0.0,0.0,0.0,1.0,0.0,1.0,0.0,0.0,1.0,0.0,1.0,2.0,0.0,0.0,0.0,1.0,0.0
Home care assistant,440128,0.0,0.0,1.0,0.0,2.0,-1.0,1.0,0.0,0.0,0.0,0.0,0.0,0.0,0.0,0.0,1.0,1.0,0.0,-1.0,0.0,0.0,1.0,0.0,0.0,1.0,0.0,1.0,0.0,2.0,0.0,1.0,0.0,0.0,0.0,0.0,0.0,0.0,0.0,1.0,1.0,2.0,1.0,1.0,0.0,1.0,0.0,0.0,0.0,1.0,0.0
Playgroup fees,440129,0.0,0.0,0.0,0.0,0.0,0.0,0.0,0.0,0.0,0.0,0.0,0.0,1.0,0.0,-3.0,0.0,1.0,6.0,-2.0,-1.0,1.0,0.0,0.0,1.0,0.0,0.0,0.0,0.0,0.0,0.0,1.0,0.0,1.0,0.0,0.0,0.0,0.0,0.0,0.0,0.0,0.0,1.0,0.0,1.0,0.0,-1.0,0.0,0.0,0.0,0.0
Nursery fees (0-4 yrs.),440232,0.0,0.0,0.0,1.0,0.0,0.0,0.0,0.0,0.0,0.0,0.0,0.0,0.0,0.0,0.0,1.0,0.0,0.0,0.0,1.0,0.0,0.0,0.0,0.0,0.0,0.0,0.0,0.0,0.0,0.0,0.0,0.0,0.0,0.0,0.0,0.0,0.0,0.0,0.0,0.0,1.0,0.0,1.0,1.0,1.0,1.0,1.0,0.0,1.0,0.0
Residential home,520324,0.0,0.0,0.0,1.0,1.0,1.0,0.0,0.0,0.0,0.0,0.0,0.0,0.0,0.0,0.0,0.0,0.0,0.0,0.0,0.0,0.0,1.0,0.0,0.0,0.0,0.0,0.0,1.0,1.0,0.0,0.0,0.0,0.0,0.0,0.0,0.0,0.0,0.0,1.0,1.0,1.0,1.0,0.0,1.0,2.0,1.0,1.0,0.0,1.0,0.0
Nursing home,520325,1.0,0.0,0.0,1.0,1.0,0.0,0.0,0.0,0.0,0.0,0.0,0.0,0.0,0.0,0.0,0.0,0.0,0.0,0.0,0.0,0.0,0.0,0.0,1.0,0.0,0.0,1.0,1.0,1.0,0.0,0.0,1.0,0.0,0.0,0.0,0.0,0.0,1.0,0.0,0.0,0.0,2.0,0.0,1.0,2.0,1.0,1.0,1.0,0.0,0.0
Men's haircut,520301,0.0,0.0,0.0,0.0,0.0,0.0,0.0,0.0,0.0,0.0,0.0,1.0,0.0,0.0,0.0,0.0,0.0,6.0,1.0,1.0,1.0,0.0,0.0,0.0,0.0,0.0,0.0,1.0,0.0,0.0,0.0,0.0,0.0,0.0,0.0,1.0,1.0,0.0,1.0,1.0,1.0,0.0,1.0,0.0,0.0,1.0,0.0,1.0,1.0,0.0
Women's hairdressing (cut & blow dry),520303,0.0,0.0,1.0,0.0,0.0,0.0,1.0,0.0,0.0,0.0,0.0,0.0,0.0,0.0,0.0,0.0,0.0,4.0,0.0,1.0,0.0,0.0,0.0,0.0,0.0,0.0,0.0,1.0,0.0,0.0,0.0,0.0,0.0,0.0,0.0,1.0,1.0,0.0,1.0,1.0,0.0,0.0,1.0,0.0,0.0,1.0,0.0,0.0,0.0,0.0
Women's highlighting,520311,0.0,0.0,1.0,0.0,0.0,0.0,0.0,0.0,0.0,0.0,1.0,0.0,1.0,0.0,0.0,0.0,0.0,4.0,0.0,0.0,0.0,0.0,0.0,0.0,0.0,0.0,0.0,1.0,0.0,0.0,0.0,0.0,0.0,0.0,0.0,1.0,0.0,0.0,1.0,1.0,0.0,0.0,1.0,0.0,0.0,1.0,0.0,0.0,1.0,0.0
Physiotherapy (private),520313,0.0,0.0,0.0,0.0,0.0,0.0,0.0,1.0,0.0,0.0,0.0,0.0,0.0,0.0,0.0,0.0,0.0,4.0,-1.0,0.0,1.0,0.0,0.0,0.0,0.0,0.0,0.0,1.0,0.0,0.0,0.0,0.0,0.0,0.0,0.0,0.0,1.0,1.0,0.0,0.0,0.0,0.0,0.0,0.0,0.0,1.0,0.0,0.0,1.0,0.0
Private dental examination,520326,0.0,0.0,0.0,0.0,0.0,0.0,0.0,0.0,0.0,0.0,0.0,2.0,1.0,0.0,0.0,0.0,0.0,9.0,-5.0,-2.0,1.0,0.0,0.0,1.0,0.0,0.0,0.0,0.0,0.0,1.0,0.0,1.0,0.0,0.0,0.0,0.0,1.0,1.0,1.0,0.0,0.0,1.0,2.0,1.0,0.0,0.0,0.0,0.0,1.0,0.0
Chiropractor (private),520332,0.0,0.0,0.0,0.0,0.0,0.0,0.0,0.0,0.0,0.0,0.0,0.0,0.0,0.0,0.0,0.0,0.0,-1.0,1.0,0.0,0.0,1.0,0.0,1.0,0.0,0.0,0.0,0.0,1.0,0.0,0.0,0.0,0.0,0.0,0.0,0.0,1.0,0.0,0.0,0.0,0.0,0.0,0.0,0.0,0.0,0.0,0.0,0.0,0.0,0.0
Plumber,410508,0.0,0.0,0.0,0.0,0.0,0.0,0.0,0.0,0.0,0.0,0.0,0.0,0.0,0.0,0.0,1.0,0.0,0.0,0.0,0.0,0.0,0.0,0.0,0.0,0.0,0.0,0.0,0.0,0.0,0.0,0.0,0.0,0.0,0.0,0.0,0.0,0.0,0.0,0.0,0.0,0.0,0.0,0.0,1.0,0.0,0.0,0.0,0.0,0.0,0.0
Electrician,410509,0.0,0.0,0.0,0.0,0.0,0.0,0.0,0.0,0.0,0.0,0.0,0.0,0.0,0.0,0.0,0.0,0.0,0.0,0.0,0.0,0.0,0.0,0.0,0.0,0.0,0.0,0.0,0.0,0.0,0.0,0.0,0.0,0.0,0.0,0.0,0.0,0.0,0.0,0.0,0.0,0.0,0.0,0.0,0.0,0.0,0.0,0.0,0.0,0.0,0.0
Decorator,410517,0.0,0.0,0.0,0.0,0.0,0.0,0.0,0.0,0.0,0.0,0.0,0.0,0.0,0.0,0.0,0.0,0.0,0.0,0.0,0.0,0.0,0.0,0.0,1.0,0.0,0.0,0.0,0.0,0.0,0.0,0.0,1.0,0.0,0.0,0.0,0.0,0.0,0.0,0.0,0.0,1.0,0.0,0.0,0.0,0.0,0.0,0.0,0.0,0.0,0.0
Carpenter,410518,0.0,0.0,0.0,1.0,0.0,0.0,0.0,0.0,0.0,0.0,0.0,0.0,0.0,0.0,0.0,1.0,0.0,0.0,0.0,0.0,0.0,0.0,0.0,0.0,0.0,0.0,0.0,0.0,0.0,0.0,1.0,0.0,0.0,0.0,0.0,0.0,1.0,0.0,1.0,0.0,0.0,0.0,0.0,1.0,0.0,0.0,0.0,0.0,0.0,0.0
Domestic cleaner,440101,0.0,0.0,0.0,1.0,0.0,0.0,0.0,0.0,0.0,0.0,0.0,0.0,0.0,0.0,0.0,0.0,0.0,0.0,0.0,0.0,0.0,0.0,0.0,-1.0,0.0,0.0,0.0,0.0,0.0,0.0,0.0,0.0,0.0,1.0,0.0,0.0,1.0,0.0,1.0,0.0,0.0,0.0,0.0,1.0,0.0,0.0,1.0,0.0,0.0,0.0
Window cleaning,440113,0.0,0.0,0.0,0.0,0.0,0.0,0.0,0.0,0.0,1.0,0.0,0.0,0.0,0.0,0.0,0.0,0.0,0.0,1.0,0.0,0.0,0.0,1.0,0.0,0.0,0.0,0.0,1.0,0.0,0.0,0.0,0.0,0.0,0.0,0.0,2.0,0.0,1.0,0.0,1.0,0.0,1.0,1.0,0.0,0.0,0.0,0.0,1.0,0.0,0.0
Washing machine repair,440116,0.0,0.0,0.0,0.0,0.0,0.0,0.0,0.0,0.0,0.0,0.0,0.0,0.0,0.0,0.0,0.0,1.0,0.0,0.0,0.0,0.0,0.0,0.0,0.0,0.0,0.0,1.0,0.0,0.0,0.0,0.0,0.0,0.0,0.0,0.0,0.0,0.0,1.0,0.0,0.0,0.0,0.0,1.0,0.0,0.0,0.0,0.0,0.0,0.0,0.0
PC repair,440118,0.0,0.0,0.0,0.0,0.0,0.0,0.0,0.0,0.0,0.0,0.0,0.0,0.0,0.0,0.0,0.0,0.0,0.0,0.0,0.0,1.0,0.0,0.0,0.0,0.0,0.0,0.0,0.0,0.0,0.0,0.0,0.0,0.0,0.0,0.0,0.0,0.0,0.0,0.0,0.0,0.0,0.0,0.0,0.0,0.0,0.0,0.0,0.0,0.0,0.0
Dry cleaning mans suit,440104,0.0,0.0,0.0,0.0,0.0,0.0,0.0,0.0,0.0,0.0,0.0,1.0,0.0,0.0,1.0,-2.0,1.0,1.0,0.0,0.0,0.0,0.0,0.0,0.0,0.0,0.0,0.0,0.0,0.0,1.0,0.0,1.0,0.0,1.0,1.0,1.0,1.0,1.0,2.0,1.0,1.0,0.0,0.0,1.0,1.0,1.0,1.0,0.0,1.0,0.0
Driving lesson,440105,1.0,0.0,0.0,0.0,0.0,0.0,0.0,0.0,0.0,0.0,0.0,1.0,0.0,0.0,0.0,0.0,0.0,0.0,0.0,1.0,1.0,0.0,0.0,0.0,0.0,0.0,0.0,1.0,0.0,0.0,1.0,1.0,1.0,0.0,0.0,1.0,1.0,0.0,1.0,2.0,1.0,1.0,1.0,1.0,1.0,0.0,0.0,0.0,1.0,0.0
Event catering,440121,0.0,0.0,1.0,0.0,0.0,0.0,0.0,0.0,0.0,0.0,0.0,0.0,0.0,0.0,0.0,0.0,0.0,0.0,0.0,0.0,0.0,0.0,0.0,0.0,0.0,0.0,0.0,0.0,0.0,0.0,0.0,1.0,0.0,0.0,0.0,0.0,0.0,0.0,0.0,1.0,1.0,1.0,1.0,0.0,0.0,0.0,1.0,0.0,0.0,0.0
Home removal van,440123,0.0,0.0,0.0,0.0,0.0,0.0,1.0,0.0,0.0,0.0,0.0,0.0,0.0,0.0,0.0,0.0,1.0,0.0,1.0,0.0,1.0,0.0,2.0,0.0,1.0,0.0,0.0,0.0,0.0,0.0,0.0,1.0,0.0,1.0,0.0,0.0,1.0,0.0,1.0,1.0,1.0,0.0,1.0,1.0,1.0,0.0,1.0,1.0,0.0,0.0
Self-storage fee,440127,0.0,-1.0,0.0,1.0,1.0,1.0,0.0,1.0,0.0,0.0,1.0,0.0,1.0,1.0,0.0,0.0,0.0,1.0,0.0,0.0,2.0,0.0,1.0,0.0,0.0,0.0,1.0,2.0,1.0,2.0,1.0,0.0,2.0,0.0,1.0,-1.0,1.0,0.0,0.0,1.0,1.0,1.0,1.0,1.0,1.0,0.0,-1.0,-1.0,0.0,0.0
Standard funeral cremation service,440227,0.0,0.0,0.0,0.0,0.0,0.0,0.0,0.0,0.0,0.0,0.0,0.0,0.0,0.0,0.0,0.0,0.0,0.0,0.0,0.0,0.0,0.0,0.0,0.0,0.0,0.0,0.0,0.0,0.0,0.0,0.0,0.0,0.0,1.0,0.0,0.0,0.0,0.0,0.0,0.0,0.0,0.0,0.0,0.0,0.0,0.0,1.0,1.0,1.0,0.0
Standard will for a single person,440240,0.0,1.0,0.0,2.0,1.0,0.0,0.0,0.0,1.0,0.0,0.0,2.0,1.0,1.0,0.0,0.0,2.0,1.0,0.0,2.0,0.0,1.0,1.0,1.0,0.0,0.0,0.0,0.0,0.0,1.0,1.0,1.0,0.0,1.0,1.0,0.0,0.0,0.0,1.0,1.0,1.0,1.0,0.0,1.0,1.0,1.0,1.0,1.0,1.0,0.0
Solicitor,440254,0.0,0.0,0.0,1.0,0.0,0.0,0.0,0.0,0.0,0.0,0.0,0.0,0.0,0.0,0.0,0.0,0.0,0.0,1.0,0.0,0.0,0.0,0.0,0.0,0.0,0.0,1.0,0.0,1.0,0.0,0.0,0.0,0.0,0.0,0.0,1.0,0.0,0.0,0.0,0.0,1.0,1.0,1.0,1.0,0.0,0.0,0.0,0.0,0.0,0.0
Basic manicure,520331,1.0,0.0,0.0,0.0,0.0,0.0,0.0,1.0,0.0,0.0,0.0,0.0,0.0,0.0,0.0,0.0,0.0,4.0,-1.0,1.0,1.0,0.0,0.0,0.0,0.0,0.0,0.0,1.0,0.0,0.0,0.0,0.0,0.0,0.0,1.0,0.0,0.0,1.0,0.0,1.0,0.0,0.0,0.0,1.0,1.0,1.0,2.0,0.0,1.0,0.0
Adult bike,620318,4.0,0.0,-1.0,0.0,0.0,-2.0,-1.0,2.0,1.0,-1.0,0.0,0.0,4.0,0.0,-1.0,3.0,-1.0,2.0,2.0,1.0,-1.0,0.0,0.0,-1.0,4.0,3.0,1.0,2.0,2.0,1.0,2.0,2.0,1.0,0.0,0.0,0.0,1.0,1.0,0.0,0.0,1.0,-1.0,0.0,0.0,0.0,0.0,-1.0,0.0,1.0,0.0
Adult cycle helmet,620319,0.0,3.0,-2.0,1.0,-1.0,0.0,-1.0,0.0,1.0,-2.0,1.0,-1.0,-2.0,3.0,0.0,-2.0,2.0,0.0,5.0,3.0,-1.0,1.0,1.0,0.0,0.0,0.0,1.0,-1.0,1.0,-3.0,3.0,1.0,0.0,0.0,1.0,0.0,2.0,0.0,-3.0,4.0,-1.0,-1.0,-1.0,2.0,1.0,-2.0,0.0,2.0,2.0,0.0
Adult electric bike,610115,,,,,,,,,,,,,,,,,,,,,,,,,,,,,,,,,,,,,,,,,,,,,,,,,,
Car MOT test fee,610227,0.0,0.0,0.0,0.0,0.0,0.0,1.0,0.0,0.0,0.0,0.0,0.0,0.0,0.0,0.0,0.0,0.0,0.0,0.0,0.0,0.0,0.0,0.0,0.0,0.0,0.0,0.0,0.0,0.0,0.0,0.0,0.0,0.0,0.0,0.0,0.0,0.0,0.0,0.0,1.0,0.0,0.0,0.0,0.0,0.0,0.0,0.0,0.0,0.0,0.0
Car service (local garage),610231,0.0,0.0,0.0,0.0,0.0,0.0,0.0,0.0,0.0,0.0,0.0,1.0,1.0,0.0,0.0,0.0,0.0,1.0,1.0,1.0,-1.0,-1.0,0.0,2.0,0.0,0.0,0.0,0.0,1.0,1.0,0.0,0.0,1.0,0.0,1.0,-1.0,1.0,0.0,1.0,1.0,1.0,0.0,1.0,1.0,0.0,2.0,1.0,1.0,0.0,0.0
Car service (main dealer),610232,0.0,0.0,0.0,0.0,0.0,0.0,0.0,0.0,1.0,0.0,0.0,2.0,0.0,-1.0,0.0,0.0,-1.0,0.0,2.0,0.0,0.0,0.0,-2.0,3.0,0.0,0.0,0.0,0.0,1.0,0.0,-1.0,1.0,0.0,1.0,0.0,2.0,1.0,0.0,1.0,1.0,0.0,-1.0,2.0,0.0,1.0,0.0,1.0,2.0,1.0,0.0
Car repairs (main dealer),610235,0.0,0.0,0.0,0.0,0.0,0.0,0.0,0.0,0.0,0.0,0.0,0.0,0.0,0.0,0.0,0.0,0.0,0.0,1.0,0.0,0.0,0.0,0.0,2.0,0.0,0.0,0.0,0.0,0.0,0.0,0.0,1.0,0.0,1.0,0.0,2.0,0.0,0.0,0.0,0.0,0.0,0.0,1.0,0.0,0.0,1.0,0.0,2.0,0.0,0.0
Car repairs (local garage),610236,0.0,0.0,0.0,0.0,0.0,-1.0,1.0,0.0,0.0,0.0,0.0,2.0,0.0,0.0,0.0,0.0,0.0,-2.0,0.0,1.0,0.0,0.0,0.0,0.0,0.0,1.0,0.0,0.0,0.0,0.0,0.0,2.0,1.0,0.0,0.0,0.0,0.0,0.0,1.0,1.0,2.0,0.0,1.0,1.0,1.0,0.0,1.0,1.0,0.0,0.0
Car wash (hand or automatic),610238,1.0,0.0,2.0,0.0,0.0,0.0,0.0,1.0,0.0,0.0,1.0,-1.0,0.0,0.0,1.0,0.0,1.0,-3.0,0.0,1.0,1.0,1.0,0.0,0.0,0.0,0.0,0.0,0.0,1.0,0.0,0.0,0.0,0.0,0.0,0.0,2.0,0.0,0.0,1.0,0.0,1.0,0.0,1.0,0.0,1.0,0.0,1.0,2.0,1.0,0.0
Exhaust fitting,610242,,,,,,,,,,,,,,,,,,,,,,,,,,,,,,,,,,,,,,,,,,,,,,,,,,
Minicab fare,620308,0.0,0.0,0.0,0.0,0.0,0.0,0.0,1.0,0.0,0.0,1.0,0.0,0.0,1.0,1.0,0.0,1.0,0.0,0.0,1.0,1.0,0.0,0.0,1.0,1.0,0.0,0.0,0.0,0.0,0.0,-1.0,1.0,0.0,0.0,0.0,1.0,0.0,1.0,1.0,1.0,1.0,0.0,1.0,1.0,1.0,0.0,0.0,0.0,1.0,0.0
Car park charges,620315,0.0,0.0,0.0,0.0,0.0,0.0,0.0,0.0,0.0,0.0,0.0,0.0,0.0,0.0,0.0,0.0,0.0,1.0,0.0,0.0,0.0,-1.0,0.0,0.0,0.0,0.0,0.0,0.0,1.0,0.0,0.0,0.0,0.0,0.0,0.0,0.0,0.0,0.0,1.0,0.0,0.0,1.0,1.0,0.0,0.0,0.0,0.0,1.0,0.0,0.0
Car tyre,610204,0.0,0.0,0.0,0.0,0.0,1.0,-1.0,0.0,0.0,0.0,1.0,0.0,-1.0,0.0,0.0,0.0,1.0,1.0,1.0,2.0,1.0,0.0,1.0,0.0,0.0,1.0,1.0,2.0,1.0,1.0,0.0,0.0,2.0,1.0,1.0,3.0,0.0,0.0,1.0,1.0,1.0,1.0,1.0,0.0,0.0,0.0,1.0,4.0,1.0,0.0
Multigrade oil,610303,0.0,0.0,1.0,-3.0,5.0,0.0,0.0,1.0,-4.0,3.0,-2.0,4.0,0.0,1.0,-1.0,-2.0,5.0,3.0,-4.0,0.0,-1.0,0.0,-1.0,0.0,-2.0,-2.0,0.0,5.0,3.0,1.0,0.0,-2.0,0.0,2.0,0.0,0.0,2.0,1.0,1.0,2.0,0.0,0.0,0.0,2.0,3.0,0.0,1.0,3.0,-1.0,0.0
Self drive van hire,620303,0.0,0.0,0.0,-1.0,0.0,0.0,0.0,0.0,0.0,0.0,1.0,0.0,0.0,1.0,0.0,1.0,1.0,0.0,1.0,1.0,1.0,1.0,1.0,1.0,1.0,0.0,0.0,0.0,0.0,1.0,0.0,1.0,0.0,1.0,1.0,0.0,1.0,0.0,0.0,1.0,0.0,1.0,0.0,0.0,1.0,0.0,0.0,0.0,1.0,0.0
Self drive car hire,620307,0.0,2.0,0.0,1.0,-1.0,-1.0,-1.0,0.0,0.0,0.0,1.0,0.0,-2.0,-1.0,-2.0,-3.0,3.0,1.0,5.0,4.0,4.0,3.0,2.0,3.0,-1.0,1.0,-2.0,2.0,4.0,4.0,9.0,4.0,6.0,4.0,4.0,3.0,-1.0,0.0,3.0,2.0,4.0,5.0,-1.0,-2.0,-2.0,-4.0,-6.0,-4.0,-2.0,0.0
"Dried rice, basmati/jasmine",CP0111101,,,,,,,,,,,,,,,,,,,,,,,,,,,,,,,,,,,,,,,,,,,,,,,,,0.0,2.0
"Rice, microwave",CP0111101,,,,,,,,,,,,,,,,,,,,,,,,,,,,,,,,,,,,,,,,,,,,,,,,,0.0,2.0
Rice cakes,CP0111101,,,,,,,,,,,,,,,,,,,,,,,,,,,,,,,,,,,,,,,,,,,,,,,,,0.0,2.0
"Bread, sliced, white",CP0111301,,,,,,,,,,,,,,,,,,,,,,,,,,,,,,,,,,,,,,,,,,,,,,,,,1.0,1.0
"Bread, unsliced, white",CP0111301,,,,,,,,,,,,,,,,,,,,,,,,,,,,,,,,,,,,,,,,,,,,,,,,,1.0,1.0
"Bread, sliced, wholemeal/brown",CP0111302,,,,,,,,,,,,,,,,,,,,,,,,,,,,,,,,,,,,,,,,,,,,,,,,,0.0,2.0
"Bread, premium e.g. rye, sourdough",CP0111303,,,,,,,,,,,,,,,,,,,,,,,,,,,,,,,,,,,,,,,,,,,,,,,,,1.0,1.0
Rolls/baps/buns,CP0111303,,,,,,,,,,,,,,,,,,,,,,,,,,,,,,,,,,,,,,,,,,,,,,,,,1.0,1.0
Wrap/tortillas (not with filling),CP0111304,,,,,,,,,,,,,,,,,,,,,,,,,,,,,,,,,,,,,,,,,,,,,,,,,-1.0,2.0
Cigarettes,CP0230101,,,,,,,,,,,,,,,,,,,,,,,,,,,,,,,,,,,,,,,,,,,,,,,,,0.0,2.0
Cigars,CP0230201,,,,,,,,,,,,,,,,,,,,,,,,,,,,,,,,,,,,,,,,,,,,,,,,,0.0,2.0
"Tobacco, loose",CP0230901,,,,,,,,,,,,,,,,,,,,,,,,,,,,,,,,,,,,,,,,,,,,,,,,,0.0,2.0
